Survived,Pclass,Age,SibSp,Parch,Fare,CabinKnown,FamilySize,IsAlone,Sex_male,Embarked_Q,Embarked_S,Title_Col,Title_Don,Title_Dr,Title_Jonkheer,Title_Lady,Title_Major,Title_Master,Title_Miss,Title_Mlle,Title_Mme,Title_Mr,Title_Mrs,Title_Ms,Title_Rev,Title_Sir,Title_the Countess,AgeGroup_Teen,AgeGroup_Adult,AgeGroup_Middle_Aged,AgeGroup_Senior,Cluster
0,3,-0.5657364610748746,0.4327933656785018,-0.4736736092984604,-0.5024451714361923,0,0.0591598766636176,0,1,0,1,0,0,0,0,0,0,0,0,0,0,1,0,0,0,0,0,0,1,0,0,2
1,1,0.6638610320657843,0.4327933656785018,-0.4736736092984604,0.7868452935884461,1,0.0591598766636176,0,0,0,0,0,0,0,0,0,0,0,0,0,0,0,1,0,0,0,0,0,0,1,0,1
1,3,-0.2583370877897099,-0.4745451962498395,-0.4736736092984604,-0.4888542575852486,0,-0.5609748304808925,1,0,0,1,0,0,0,0,0,0,0,1,0,0,0,0,0,0,0,0,0,1,0,0,1
1,1,0.4333115021019107,0.4327933656785018,-0.4736736092984604,0.4207302360686478,1,0.0591598766636176,0,0,0,1,0,0,0,0,0,0,0,0,0,0,0,1,0,0,0,0,0,1,0,0,1
0,3,0.4333115021019107,-0.4745451962498395,-0.4736736092984604,-0.4863374216869257,0,-0.5609748304808925,1,1,0,1,0,0,0,0,0,0,0,0,0,0,1,0,0,0,0,0,0,1,0,0,2
0,3,-0.1046374011471275,-0.4745451962498395,-0.4736736092984604,-0.4781164289086437,0,-0.5609748304808925,1,1,1,0,0,0,0,0,0,0,0,0,0,0,1,0,0,0,0,0,0,1,0,0,2
0,1,1.893458525206443,-0.4745451962498395,-0.4736736092984604,0.395813560675251,1,-0.5609748304808925,1,1,0,1,0,0,0,0,0,0,0,0,0,0,1,0,0,0,0,0,0,0,1,0,2
0,3,-2.1027333275006983,2.247470489535184,0.7676298785983874,-0.2240831210816794,0,1.919563998097148,0,1,0,1,0,0,0,0,0,0,1,0,0,0,0,0,0,0,0,0,0,0,0,0,0
1,3,-0.1814872444684187,-0.4745451962498395,2.008933366495236,-0.4242561406845337,0,0.6792945838081278,0,0,0,1,0,0,0,0,0,0,0,0,0,0,0,1,0,0,0,0,0,1,0,0,1
1,2,-1.180535207645204,0.4327933656785018,-0.4736736092984604,-0.0429555020886142,0,0.0591598766636176,0,0,0,0,0,0,0,0,0,0,0,0,0,0,0,1,0,0,0,0,1,0,0,0,1
1,3,-1.949033640858116,0.4327933656785018,0.7676298785983874,-0.312172377522981,1,0.6792945838081278,0,0,0,1,0,0,0,0,0,0,0,1,0,0,0,0,0,0,0,0,0,0,0,0,1
1,1,2.200857898491608,-0.4745451962498395,-0.4736736092984604,-0.1138457087351363,1,-0.5609748304808925,1,0,0,1,0,0,0,0,0,0,0,1,0,0,0,0,0,0,0,0,0,0,1,0,1
0,3,-0.719436147717457,-0.4745451962498395,-0.4736736092984604,-0.4863374216869257,0,-0.5609748304808925,1,1,0,1,0,0,0,0,0,0,0,0,0,0,1,0,0,0,0,0,0,1,0,0,2
0,3,0.7407108753870755,0.4327933656785018,5.73284383018578,-0.0187093117785307,0,3.1598334123861687,0,1,0,1,0,0,0,0,0,0,0,0,0,0,1,0,0,0,0,0,0,0,1,0,0
0,3,-1.180535207645204,-0.4745451962498395,-0.4736736092984604,-0.4902797934380587,0,-0.5609748304808925,1,0,0,1,0,0,0,0,0,0,0,1,0,0,0,0,0,0,0,0,1,0,0,0,1
1,2,1.9703083685277345,-0.4745451962498395,-0.4736736092984604,-0.3262666585535892,0,-0.5609748304808925,1,0,0,1,0,0,0,0,0,0,0,0,0,0,0,1,0,0,0,0,0,0,1,0,1
0,3,-2.1027333275006983,3.1548090514635256,0.7676298785983874,-0.0619988892296846,0,2.5396987052416584,0,1,1,0,0,0,0,0,0,0,1,0,0,0,0,0,0,0,0,0,0,0,0,0,0
1,2,-0.1046374011471275,-0.4745451962498395,-0.4736736092984604,-0.3866707201133388,0,-0.5609748304808925,1,1,0,1,0,0,0,0,0,0,0,0,0,0,1,0,0,0,0,0,0,1,0,0,2
0,3,0.125912128816746,0.4327933656785018,-0.4736736092984604,-0.2859972841804228,0,0.0591598766636176,0,0,0,1,0,0,0,0,0,0,0,0,0,0,0,1,0,0,0,0,0,1,0,0,1
1,3,-0.1046374011471275,-0.4745451962498395,-0.4736736092984604,-0.5029485386158568,0,-0.5609748304808925,1,0,0,0,0,0,0,0,0,0,0,0,0,0,0,1,0,0,0,0,0,1,0,0,1
0,2,0.4333115021019107,-0.4745451962498395,-0.4736736092984604,-0.1249197866877571,0,-0.5609748304808925,1,1,0,1,0,0,0,0,0,0,0,0,0,0,1,0,0,0,0,0,0,1,0,0,2
1,2,0.3564616587806195,-0.4745451962498395,-0.4736736092984604,-0.3866707201133388,1,-0.5609748304808925,1,1,0,1,0,0,0,0,0,0,0,0,0,0,1,0,0,0,0,0,0,1,0,0,2
1,3,-1.1036853643239128,-0.4745451962498395,-0.4736736092984604,-0.4867562231804066,0,-0.5609748304808925,1,0,1,0,0,0,0,0,0,0,0,1,0,0,0,0,0,0,0,0,1,0,0,0,1
1,1,-0.1046374011471275,-0.4745451962498395,-0.4736736092984604,0.0663597415847833,1,-0.5609748304808925,1,1,0,1,0,0,0,0,0,0,0,0,0,0,1,0,0,0,0,0,0,1,0,0,2
0,3,-1.6416342675729512,2.247470489535184,0.7676298785983874,-0.2240831210816794,0,1.919563998097148,0,0,0,1,0,0,0,0,0,0,0,1,0,0,0,0,0,0,0,0,0,0,0,0,0
1,3,0.6638610320657843,0.4327933656785018,5.73284383018578,-0.0164441594700401,0,3.1598334123861687,0,0,0,1,0,0,0,0,0,0,0,0,0,0,0,1,0,0,0,0,0,0,1,0,0
0,3,-0.1046374011471275,-0.4745451962498395,-0.4736736092984604,-0.5029485386158568,0,-0.5609748304808925,1,1,0,0,0,0,0,0,0,0,0,0,0,0,1,0,0,0,0,0,0,1,0,0,2
0,1,-0.7962859910387481,2.247470489535184,2.008933366495236,4.647001076532463,1,2.5396987052416584,0,1,0,1,0,0,0,0,0,0,0,0,0,0,1,0,0,0,0,0,0,1,0,0,0
1,3,-0.1046374011471275,-0.4745451962498395,-0.4736736092984604,-0.489776426258394,0,-0.5609748304808925,1,0,1,0,0,0,0,0,0,0,0,1,0,0,0,0,0,0,0,0,0,1,0,0,1
0,3,-0.1046374011471275,-0.4745451962498395,-0.4736736092984604,-0.4894421904510968,0,-0.5609748304808925,1,1,0,1,0,0,0,0,0,0,0,0,0,0,1,0,0,0,0,0,0,1,0,0,2
0,1,0.8175607187083667,-0.4745451962498395,-0.4736736092984604,-0.0902720169770847,0,-0.5609748304808925,1,1,0,0,0,1,0,0,0,0,0,0,0,0,0,0,0,0,0,0,0,0,1,0,2
1,1,-0.1046374011471275,0.4327933656785018,-0.4736736092984604,2.301728820789,1,0.0591598766636176,0,0,0,0,0,0,0,0,0,0,0,0,0,0,0,1,0,0,0,0,0,1,0,0,1
1,3,-0.1046374011471275,-0.4745451962498395,-0.4736736092984604,-0.4923778278429006,0,-0.5609748304808925,1,0,1,0,0,0,0,0,0,0,0,1,0,0,0,0,0,0,0,0,0,1,0,0,1
0,2,2.8156566450619374,-0.4745451962498395,-0.4736736092984604,-0.4370074380797968,0,-0.5609748304808925,1,1,0,1,0,0,0,0,0,0,0,0,0,0,1,0,0,0,0,0,0,0,0,1,2
0,1,-0.1046374011471275,0.4327933656785018,-0.4736736092984604,1.0060617003323709,0,0.0591598766636176,0,1,0,0,0,0,0,0,0,0,0,0,0,0,1,0,0,0,0,0,0,1,0,0,2
0,1,0.9712604053509488,0.4327933656785018,-0.4736736092984604,0.3985820801634062,0,0.0591598766636176,0,1,0,1,0,0,0,0,0,0,0,0,0,0,1,0,0,0,0,0,0,0,1,0,2
1,3,-0.1046374011471275,-0.4745451962498395,-0.4736736092984604,-0.5028639729296732,0,-0.5609748304808925,1,1,0,0,0,0,0,0,0,0,0,0,0,0,1,0,0,0,0,0,0,1,0,0,2
0,3,-0.6425863043961658,-0.4745451962498395,-0.4736736092984604,-0.4863374216869257,0,-0.5609748304808925,1,1,0,1,0,0,0,0,0,0,0,0,0,0,1,0,0,0,0,0,0,1,0,0,2
0,3,-0.8731358343600393,1.340131927606843,-0.4736736092984604,-0.2859972841804228,0,0.6792945838081278,0,0,0,1,0,0,0,0,0,0,0,1,0,0,0,0,0,0,0,0,1,0,0,0,1
1,3,-1.180535207645204,0.4327933656785018,-0.4736736092984604,-0.422073540593508,0,0.0591598766636176,0,0,0,0,0,0,0,0,0,0,0,1,0,0,0,0,0,0,0,0,1,0,0,0,1
0,3,0.8175607187083667,0.4327933656785018,-0.4736736092984604,-0.4576454924460446,0,0.0591598766636176,0,0,0,1,0,0,0,0,0,0,0,0,0,0,0,1,0,0,0,0,0,0,1,0,1
0,2,-0.1814872444684187,0.4327933656785018,-0.4736736092984604,-0.2255932226206731,0,0.0591598766636176,0,0,0,1,0,0,0,0,0,0,0,0,0,0,0,1,0,0,0,0,0,1,0,0,1
0,3,-0.1046374011471275,-0.4745451962498395,-0.4736736092984604,-0.4894421904510968,0,-0.5609748304808925,1,1,0,0,0,0,0,0,0,0,0,0,0,0,1,0,0,0,0,0,0,1,0,0,2
1,2,-2.025883484179407,0.4327933656785018,2.008933366495236,0.1887625319294599,0,1.299429290952638,0,0,0,0,0,0,0,0,0,0,0,1,0,0,0,0,0,0,0,0,0,0,0,0,1
1,3,-0.7962859910387481,-0.4745451962498395,-0.4736736092984604,-0.489776426258394,0,-0.5609748304808925,1,0,1,0,0,0,0,0,0,0,0,1,0,0,0,0,0,0,0,0,0,1,0,0,1
0,3,-0.1046374011471275,-0.4745451962498395,-0.4736736092984604,-0.4863374216869257,0,-0.5609748304808925,1,1,0,1,0,0,0,0,0,0,0,0,0,0,1,0,0,0,0,0,0,1,0,0,2
0,3,-0.1046374011471275,0.4327933656785018,-0.4736736092984604,-0.3363340021468808,0,0.0591598766636176,0,1,1,0,0,0,0,0,0,0,0,0,0,0,1,0,0,0,0,0,0,1,0,0,2
1,3,-0.1046374011471275,-0.4745451962498395,-0.4736736092984604,-0.4923778278429006,0,-0.5609748304808925,1,0,1,0,0,0,0,0,0,0,0,1,0,0,0,0,0,0,0,0,0,1,0,0,1
0,3,-0.1046374011471275,1.340131927606843,-0.4736736092984604,-0.2119177430835458,0,0.6792945838081278,0,1,0,0,0,0,0,0,0,0,0,0,0,0,1,0,0,0,0,0,0,1,0,0,2
0,3,-0.8731358343600393,0.4327933656785018,-0.4736736092984604,-0.2900242216177394,0,0.0591598766636176,0,0,0,1,0,0,0,0,0,0,0,0,0,0,0,1,0,0,0,0,1,0,0,0,1
0,3,-1.7184841108942424,3.1548090514635256,0.7676298785983874,0.1506737441786005,0,2.5396987052416584,0,1,0,1,0,0,0,0,0,0,1,0,0,0,0,0,0,0,0,0,0,0,0,0,0
0,3,-0.6425863043961658,-0.4745451962498395,-0.4736736092984604,-0.4913710934835715,0,-0.5609748304808925,1,1,0,1,0,0,0,0,0,0,0,0,0,0,1,0,0,0,0,0,0,1,0,0,2
1,1,1.5092093085999871,0.4327933656785018,-0.4736736092984604,0.8964967865378598,1,0.0591598766636176,0,0,0,0,0,0,0,0,0,0,0,0,0,0,0,1,0,0,0,0,0,0,1,0,1
1,2,-0.0277875578258363,0.4327933656785018,-0.4736736092984604,-0.1249197866877571,0,0.0591598766636176,0,0,0,1,0,0,0,0,0,0,0,0,0,0,0,1,0,0,0,0,0,1,0,0,1
0,1,2.738806801740646,-0.4745451962498395,0.7676298785983874,0.5995101505357573,1,0.0591598766636176,0,1,0,0,0,0,0,0,0,0,0,0,0,0,1,0,0,0,0,0,0,0,0,1,2
1,1,-0.1046374011471275,-0.4745451962498395,-0.4736736092984604,0.0663597415847833,1,-0.5609748304808925,1,1,0,1,0,0,0,0,0,0,0,0,0,0,1,0,0,0,0,0,0,1,0,0,2
1,2,-0.6425863043961658,-0.4745451962498395,-0.4736736092984604,-0.4370074380797968,0,-0.5609748304808925,1,0,0,1,0,0,0,0,0,0,0,1,0,0,0,0,0,0,0,0,0,1,0,0,1
0,3,-0.0662124794864819,-0.4745451962498395,-0.4736736092984604,-0.5028639729296732,0,-0.5609748304808925,1,1,0,0,0,0,0,0,0,0,0,0,0,0,1,0,0,0,0,0,0,1,0,0,2
1,2,-1.8721837975368247,0.4327933656785018,2.008933366495236,-0.0896840841112365,0,1.299429290952638,0,0,0,1,0,0,0,0,0,0,0,1,0,0,0,0,0,0,0,0,0,0,0,0,1
0,3,-1.4110847376090776,4.062147613391868,2.008933366495236,0.2958951755118318,0,3.779968119530679,0,1,0,1,0,0,0,0,0,0,1,0,0,0,0,0,0,0,0,0,0,0,0,0,0
0,3,-0.5657364610748746,-0.4745451962498395,-0.4736736092984604,-0.5028639729296732,0,-0.5609748304808925,1,1,0,0,0,0,0,0,0,0,0,0,0,0,1,0,0,0,0,0,0,1,0,0,2
1,1,0.6638610320657843,-0.4745451962498395,-0.4736736092984604,0.962353321387736,1,-0.5609748304808925,1,0,0,1,0,0,0,0,0,0,0,1,0,0,0,0,0,0,0,0,0,0,1,0,1
0,1,1.2018099353148226,0.4327933656785018,-0.4736736092984604,1.0323213593611125,1,0.0591598766636176,0,1,0,1,0,0,0,0,0,0,0,0,0,0,1,0,0,0,0,0,0,0,1,0,2
0,3,-1.949033640858116,2.247470489535184,2.008933366495236,-0.086663881033249,0,2.5396987052416584,0,1,0,1,0,0,0,0,0,0,1,0,0,0,0,0,0,0,0,0,0,0,0,0,0
0,1,-0.1046374011471275,-0.4745451962498395,-0.4736736092984604,-0.0902720169770847,0,-0.5609748304808925,1,1,0,0,0,0,0,0,0,0,0,0,0,0,1,0,0,0,0,0,0,1,0,0,2
1,3,-0.1046374011471275,0.4327933656785018,0.7676298785983874,-0.3414522396297103,0,0.6792945838081278,0,1,0,0,0,0,0,0,0,0,1,0,0,0,0,0,0,0,0,0,0,1,0,0,0
1,2,-0.0277875578258363,-0.4745451962498395,-0.4736736092984604,-0.4370074380797968,1,-0.5609748304808925,1,0,0,1,0,0,0,0,0,0,0,0,0,0,0,1,0,0,0,0,0,1,0,0,1
0,3,-0.7962859910387481,-0.4745451962498395,-0.4736736092984604,-0.4841568350646187,0,-0.5609748304808925,1,1,0,1,0,0,0,0,0,0,0,0,0,0,1,0,0,0,0,0,0,1,0,0,2
1,3,-0.9499856776813304,3.1548090514635256,2.008933366495236,-0.4888542575852486,0,3.1598334123861687,0,0,0,1,0,0,0,0,0,0,0,1,0,0,0,0,0,0,0,0,1,0,0,0,0
0,3,-0.2583370877897099,1.340131927606843,-0.4736736092984604,-0.4740049257851434,0,0.6792945838081278,0,1,0,1,0,0,0,0,0,0,0,0,0,0,1,0,0,0,0,0,0,1,0,0,2
0,2,0.2027619721380371,-0.4745451962498395,-0.4736736092984604,-0.4370074380797968,0,-0.5609748304808925,1,1,0,1,0,0,0,0,0,0,0,0,0,0,1,0,0,0,0,0,0,1,0,0,2
0,3,-1.0268355210026217,4.062147613391868,2.008933366495236,0.2958951755118318,0,3.779968119530679,0,0,0,1,0,0,0,0,0,0,0,1,0,0,0,0,0,0,0,0,1,0,0,0,0
0,2,-0.6425863043961658,-0.4745451962498395,-0.4736736092984604,0.8314778546749452,0,-0.5609748304808925,1,1,0,1,0,0,0,0,0,0,0,0,0,0,1,0,0,0,0,0,0,1,0,0,2
0,3,-0.2583370877897099,0.4327933656785018,-0.4736736092984604,-0.3573908580066095,0,0.0591598766636176,0,1,0,0,0,0,0,0,0,0,0,0,0,0,1,0,0,0,0,0,0,1,0,0,2
1,3,0.2027619721380371,-0.4745451962498395,-0.4736736092984604,0.489103606816847,0,-0.5609748304808925,1,1,0,1,0,0,0,0,0,0,0,0,0,0,1,0,0,0,0,0,0,1,0,0,2
0,3,-0.335186931111001,-0.4745451962498395,-0.4736736092984604,-0.494391296561559,1,-0.5609748304808925,1,1,0,1,0,0,0,0,0,0,0,0,0,0,1,0,0,0,0,0,0,1,0,0,2
0,3,-0.1046374011471275,-0.4745451962498395,-0.4736736092984604,-0.4894421904510968,0,-0.5609748304808925,1,1,0,1,0,0,0,0,0,0,0,0,0,0,1,0,0,0,0,0,0,1,0,0,2
0,3,-0.1046374011471275,-0.4745451962498395,-0.4736736092984604,-0.4863374216869257,0,-0.5609748304808925,1,1,0,1,0,0,0,0,0,0,0,0,0,0,1,0,0,0,0,0,0,1,0,0,2
1,2,-2.192647644186609,-0.4745451962498395,2.008933366495236,-0.0645157251280075,0,0.6792945838081278,0,1,0,1,0,0,0,0,0,0,1,0,0,0,0,0,0,0,0,0,0,0,0,0,0
1,3,0.0490622854954548,-0.4745451962498395,-0.4736736092984604,-0.397241430886295,0,-0.5609748304808925,1,0,0,1,0,0,0,0,0,0,0,1,0,0,0,0,0,0,0,0,0,1,0,0,1
0,3,-0.5657364610748746,-0.4745451962498395,-0.4736736092984604,-0.4672094688596716,0,-0.5609748304808925,1,1,0,1,0,0,0,0,0,0,0,0,0,0,1,0,0,0,0,0,0,1,0,0,2
1,3,-0.0277875578258363,-0.4745451962498395,-0.4736736092984604,-0.45714212526638,0,-0.5609748304808925,1,1,0,1,0,0,0,0,0,0,0,0,0,0,1,0,0,0,0,0,0,1,0,0,2
1,3,-0.1046374011471275,-0.4745451962498395,-0.4736736092984604,-0.4916227770734037,0,-0.5609748304808925,1,0,1,0,0,0,0,0,0,0,0,1,0,0,0,0,0,0,0,0,0,1,0,0,1
0,1,-0.1046374011471275,-0.4745451962498395,-0.4736736092984604,0.2999221129491485,0,-0.5609748304808925,1,1,0,1,0,0,0,0,0,0,0,0,0,0,1,0,0,0,0,0,0,1,0,0,2
1,2,-0.9499856776813304,-0.4745451962498395,-0.4736736092984604,-0.4370074380797968,0,-0.5609748304808925,1,0,0,1,0,0,0,0,0,0,0,1,0,0,0,0,0,0,0,0,1,0,0,0,1
1,3,0.2796118154593283,2.247470489535184,-0.4736736092984604,-0.3292868616315766,0,1.299429290952638,0,0,0,1,0,0,0,0,0,0,0,0,0,0,0,1,0,0,0,0,0,1,0,0,1
0,3,-1.0268355210026217,0.4327933656785018,3.250236854392083,0.0437082184998772,0,1.919563998097148,0,1,0,1,0,0,0,0,0,0,0,0,0,0,1,0,0,0,0,0,1,0,0,0,0
0,3,-0.1046374011471275,-0.4745451962498395,-0.4736736092984604,-0.4863374216869257,0,-0.5609748304808925,1,1,0,1,0,0,0,0,0,0,0,0,0,0,1,0,0,0,0,0,0,1,0,0,2
1,1,-0.4888866177535834,2.247470489535184,2.008933366495236,4.647001076532463,1,2.5396987052416584,0,0,0,1,0,0,0,0,0,0,0,1,0,0,0,0,0,0,0,0,0,1,0,0,0
0,3,-0.4120367744322922,-0.4745451962498395,-0.4736736092984604,-0.4863374216869257,0,-0.5609748304808925,1,1,0,1,0,0,0,0,0,0,0,0,0,0,1,0,0,0,0,0,0,1,0,0,2
0,3,-0.0277875578258363,-0.4745451962498395,-0.4736736092984604,-0.4863374216869257,0,-0.5609748304808925,1,1,0,1,0,0,0,0,0,0,0,0,0,0,1,0,0,0,0,0,0,1,0,0,2
0,3,-0.719436147717457,-0.4745451962498395,-0.4736736092984604,-0.4902797934380587,0,-0.5609748304808925,1,1,0,1,0,0,0,0,0,0,0,0,0,0,1,0,0,0,0,0,0,1,0,0,2
0,1,1.2786597786361138,0.4327933656785018,-0.4736736092984604,0.5833178351003071,1,0.0591598766636176,0,1,0,1,0,0,0,0,0,0,0,0,0,0,1,0,0,0,0,0,0,0,1,0,2
0,3,-0.2583370877897099,0.4327933656785018,2.008933366495236,-0.234150464674971,0,1.299429290952638,0,1,0,1,0,0,0,0,0,0,0,0,0,0,1,0,0,0,0,0,0,1,0,0,2
0,3,2.277707741812899,-0.4745451962498395,-0.4736736092984604,-0.5024451714361923,0,-0.5609748304808925,1,1,0,1,0,0,0,0,0,0,0,0,0,0,1,0,0,0,0,0,0,0,1,0,2
0,3,-0.1046374011471275,-0.4745451962498395,-0.4736736092984604,-0.4863374216869257,0,-0.5609748304808925,1,1,0,1,0,0,0,0,0,0,0,0,0,0,1,0,0,0,0,0,0,1,0,0,2
0,1,3.1999058616683933,-0.4745451962498395,-0.4736736092984604,0.0493298231623713,1,-0.5609748304808925,1,1,0,0,0,0,0,0,0,0,0,0,0,0,1,0,0,0,0,0,0,0,0,1,2
1,1,-0.4888866177535834,-0.4745451962498395,0.7676298785983874,0.6272778976347743,1,0.0591598766636176,0,1,0,0,0,0,0,0,0,0,0,0,0,0,1,0,0,0,0,0,0,1,0,0,2
1,2,0.3564616587806195,-0.4745451962498395,0.7676298785983874,-0.1853238482475067,0,0.0591598766636176,0,0,0,1,0,0,0,0,0,0,0,0,0,0,0,1,0,0,0,0,0,1,0,0,1
0,2,0.3564616587806195,0.4327933656785018,-0.4736736092984604,-0.1249197866877571,0,0.0591598766636176,0,1,0,1,0,0,0,0,0,0,0,0,0,0,1,0,0,0,0,0,0,1,0,0,2
0,3,-0.1046374011471275,-0.4745451962498395,-0.4736736092984604,-0.4894421904510968,0,-0.5609748304808925,1,0,0,1,0,0,0,0,0,0,0,1,0,0,0,0,0,0,0,0,0,1,0,0,1
0,3,-0.1046374011471275,-0.4745451962498395,-0.4736736092984604,-0.4894421904510968,0,-0.5609748304808925,1,1,0,1,0,0,0,0,0,0,0,0,0,0,1,0,0,0,0,0,0,1,0,0,2
0,1,-0.6425863043961658,-0.4745451962498395,0.7676298785983874,0.907737982394129,1,0.0591598766636176,0,1,0,1,0,0,0,0,0,0,0,0,0,0,1,0,0,0,0,0,0,1,0,0,2
0,3,0.2796118154593283,-0.4745451962498395,-0.4736736092984604,-0.4741720436887921,0,-0.5609748304808925,1,1,0,1,0,0,0,0,0,0,0,0,0,0,1,0,0,0,0,0,0,1,0,0,2
0,3,0.5870111887444931,1.340131927606843,-0.4736736092984604,-0.4888542575852486,0,0.6792945838081278,0,1,0,1,0,0,0,0,0,0,0,0,0,0,1,0,0,0,0,0,0,0,1,0,2
0,3,-0.1046374011471275,-0.4745451962498395,-0.4736736092984604,-0.4894421904510968,0,-0.5609748304808925,1,1,0,1,0,0,0,0,0,0,0,0,0,0,1,0,0,0,0,0,0,1,0,0,2
1,3,-0.6425863043961658,-0.4745451962498395,-0.4736736092984604,-0.494391296561559,0,-0.5609748304808925,1,0,0,1,0,0,0,0,0,0,0,1,0,0,0,0,0,0,0,0,0,1,0,0,1
1,3,-0.1046374011471275,-0.4745451962498395,-0.4736736092984604,-0.4918744606632361,0,-0.5609748304808925,1,1,0,1,0,0,0,0,0,0,0,0,0,0,1,0,0,0,0,0,0,1,0,0,2
0,3,0.6638610320657843,-0.4745451962498395,-0.4736736092984604,-0.4894421904510968,0,-0.5609748304808925,1,1,0,1,0,0,0,0,0,0,0,0,0,0,1,0,0,0,0,0,0,0,1,0,2
1,3,-0.1046374011471275,0.4327933656785018,-0.4736736092984604,-0.1621689579829361,0,0.0591598766636176,0,0,1,0,0,0,0,0,0,0,0,1,0,0,0,0,0,0,0,0,0,1,0,0,1
0,1,1.3555096219574048,-0.4745451962498395,-0.4736736092984604,0.3985820801634062,1,-0.5609748304808925,1,1,0,1,0,0,0,0,0,0,0,0,0,0,1,0,0,0,0,0,0,0,1,0,2
0,3,-1.1421102859845584,0.4327933656785018,-0.4736736092984604,-0.3573908580066095,0,0.0591598766636176,0,0,0,0,0,0,0,0,0,0,0,1,0,0,0,0,0,0,0,0,1,0,0,0,1
0,3,-0.5657364610748746,-0.4745451962498395,-0.4736736092984604,-0.4863374216869257,0,-0.5609748304808925,1,1,0,1,0,0,0,0,0,0,0,0,0,0,1,0,0,0,0,0,0,1,0,0,2
0,3,-0.719436147717457,0.4327933656785018,-0.4736736092984604,-0.4505983519307405,0,0.0591598766636176,0,0,0,1,0,0,0,0,0,0,0,1,0,0,0,0,0,0,0,0,0,1,0,0,1
0,3,-0.9499856776813304,-0.4745451962498395,-0.4736736092984604,-0.3573083057891445,0,-0.5609748304808925,1,0,0,0,0,0,0,0,0,0,0,1,0,0,0,0,0,0,0,0,1,0,0,0,1
0,3,-0.6425863043961658,-0.4745451962498395,-0.4736736092984604,-0.4888542575852486,0,-0.5609748304808925,1,1,0,1,0,0,0,0,0,0,0,0,0,0,1,0,0,0,0,0,0,1,0,0,2
0,3,3.161480940007748,-0.4745451962498395,-0.4736736092984604,-0.4923778278429006,0,-0.5609748304808925,1,1,1,0,0,0,0,0,0,0,0,0,0,0,1,0,0,0,0,0,0,0,0,1,2
0,2,-0.0277875578258363,0.4327933656785018,-0.4736736092984604,-0.2255932226206731,0,0.0591598766636176,0,1,0,1,0,0,0,0,0,0,0,0,0,0,1,0,0,0,0,0,0,1,0,0,2
0,1,-0.4120367744322922,-0.4745451962498395,0.7676298785983874,4.335332226633905,1,0.0591598766636176,0,1,0,0,0,0,0,0,0,0,0,0,0,0,1,0,0,0,0,0,0,1,0,0,2
0,3,-2.1027333275006983,3.1548090514635256,2.008933366495236,-0.0187093117785307,0,3.1598334123861687,0,0,0,1,0,0,0,0,0,0,0,1,0,0,0,0,0,0,0,0,0,0,0,0,0
0,2,-0.6425863043961658,1.340131927606843,-0.4736736092984604,0.8314778546749452,0,0.6792945838081278,0,1,0,1,0,0,0,0,0,0,0,0,0,0,1,0,0,0,0,0,0,1,0,0,2
0,3,-0.1046374011471275,-0.4745451962498395,-0.4736736092984604,-0.4863374216869257,0,-0.5609748304808925,1,1,0,1,0,0,0,0,0,0,0,0,0,0,1,0,0,0,0,0,0,1,0,0,2
0,2,0.2411868937986827,0.4327933656785018,-0.4736736092984604,-0.0429555020886142,0,0.0591598766636176,0,1,0,0,0,0,0,0,0,0,0,0,0,0,1,0,0,0,0,0,0,1,0,0,2
1,2,0.2411868937986827,-0.4745451962498395,-0.4736736092984604,-0.3866707201133388,1,-0.5609748304808925,1,0,0,1,0,0,0,0,0,0,0,1,0,0,0,0,0,0,0,0,0,1,0,0,1
0,1,1.893458525206443,-0.4745451962498395,0.7676298785983874,0.907737982394129,1,0.0591598766636176,0,1,0,1,0,0,0,0,0,0,0,0,0,0,1,0,0,0,0,0,0,0,1,0,2
1,3,-1.3342348942877864,0.4327933656785018,-0.4736736092984604,-0.422073540593508,0,0.0591598766636176,0,1,0,0,0,0,0,0,0,0,1,0,0,0,0,0,0,0,0,0,0,0,0,0,0
0,3,-0.1046374011471275,-0.4745451962498395,-0.4736736092984604,-0.4923778278429006,0,-0.5609748304808925,1,1,1,0,0,0,0,0,0,0,0,0,0,0,1,0,0,0,0,0,0,1,0,0,2
1,3,-0.4120367744322922,-0.4745451962498395,-0.4736736092984604,-0.5046257580584992,0,-0.5609748304808925,1,1,0,1,0,0,0,0,0,0,0,0,0,0,1,0,0,0,0,0,0,1,0,0,2
1,3,-0.1046374011471275,0.4327933656785018,0.7676298785983874,-0.1982442770151372,1,0.6792945838081278,0,0,0,0,0,0,0,0,0,0,0,1,0,0,0,0,0,0,0,0,0,1,0,0,1
0,3,1.2018099353148226,-0.4745451962498395,-0.4736736092984604,-0.5079822104125026,0,-0.5609748304808925,1,1,0,1,0,0,0,0,0,0,0,0,0,0,1,0,0,0,0,0,0,0,1,0,2
0,3,0.2796118154593283,-0.4745451962498395,-0.4736736092984604,-0.4894421904510968,0,-0.5609748304808925,1,1,0,0,0,0,0,0,0,0,0,0,0,0,1,0,0,0,0,0,0,1,0,0,2
0,3,-0.719436147717457,-0.4745451962498395,-0.4736736092984604,-0.5064721088735089,0,-0.5609748304808925,1,1,0,1,0,0,0,0,0,0,0,0,0,0,1,0,0,0,0,0,0,1,0,0,2
0,3,1.3555096219574048,0.4327933656785018,-0.4736736092984604,-0.356468689333464,0,0.0591598766636176,0,0,0,1,0,0,0,0,0,0,0,0,0,0,0,1,0,0,0,0,0,0,1,0,1
1,2,-0.0277875578258363,0.4327933656785018,-0.4736736092984604,-0.1249197866877571,0,0.0591598766636176,0,0,0,1,0,0,0,0,0,0,0,0,0,0,0,1,0,0,0,0,0,1,0,0,1
0,2,-0.335186931111001,-0.4745451962498395,-0.4736736092984604,-0.3866707201133388,0,-0.5609748304808925,1,1,0,1,0,0,0,0,0,0,0,0,0,0,1,0,0,0,0,0,0,1,0,0,2
0,2,-0.4888866177535834,-0.4745451962498395,-0.4736736092984604,-0.3454791770670269,0,-0.5609748304808925,1,1,0,0,0,0,0,0,0,0,0,0,0,0,1,0,0,0,0,0,0,1,0,0,2
1,1,-0.7962859910387481,-0.4745451962498395,2.008933366495236,-0.1192156298077981,1,0.6792945838081278,0,0,0,1,0,0,0,0,0,0,0,1,0,0,0,0,0,0,0,0,0,1,0,0,1
0,1,0.5870111887444931,0.4327933656785018,-0.4736736092984604,0.4207302360686478,1,0.0591598766636176,0,1,0,1,0,0,0,0,0,0,0,0,0,0,1,0,0,0,0,0,0,0,1,0,2
0,3,-1.0268355210026217,-0.4745451962498395,-0.4736736092984604,-0.4628462821463391,0,-0.5609748304808925,1,1,0,1,0,0,0,0,0,0,0,0,0,0,1,0,0,0,0,0,1,0,0,0,2
0,1,-0.4120367744322922,-0.4745451962498395,-0.4736736092984604,0.9462455716384696,1,-0.5609748304808925,1,1,0,0,0,0,0,0,0,0,0,0,0,0,1,0,0,0,0,0,0,1,0,0,2
0,3,-0.1046374011471275,-0.4745451962498395,2.008933366495236,-0.3414522396297103,0,0.6792945838081278,0,0,0,0,0,0,0,0,0,0,0,0,0,0,0,1,0,0,0,0,0,1,0,0,1
1,3,-0.5657364610748746,-0.4745451962498395,-0.4736736092984604,-0.4923778278429006,0,-0.5609748304808925,1,0,0,1,0,0,0,0,0,0,0,1,0,0,0,0,0,0,0,0,0,1,0,0,1
1,3,-0.4120367744322922,0.4327933656785018,-0.4736736092984604,-0.3292868616315766,0,0.0591598766636176,0,0,0,1,0,0,0,0,0,0,0,0,0,0,0,1,0,0,0,0,0,1,0,0,1
0,3,-0.7962859910387481,-0.4745451962498395,-0.4736736092984604,-0.5125125150294839,0,-0.5609748304808925,1,1,1,0,0,0,0,0,0,0,0,0,0,0,1,0,0,0,0,0,0,1,0,0,2
0,2,-0.8731358343600393,-0.4745451962498395,-0.4736736092984604,-0.4168727508932136,0,-0.5609748304808925,1,1,0,1,0,0,0,0,0,0,0,0,0,0,1,0,0,0,0,0,1,0,0,0,2
0,2,-0.7962859910387481,0.4327933656785018,0.7676298785983874,0.0915281005680123,0,0.6792945838081278,0,1,0,1,0,0,0,0,0,0,0,0,0,0,1,0,0,0,0,0,0,1,0,0,2
1,3,-0.1814872444684187,-0.4745451962498395,-0.4736736092984604,-0.4914556591697551,0,-0.5609748304808925,1,1,0,1,0,0,0,0,0,0,0,0,0,0,1,0,0,0,0,0,0,1,0,0,2
0,3,-1.56478442425166,1.340131927606843,2.008933366495236,0.0437082184998772,0,1.919563998097148,0,0,0,1,0,0,0,0,0,0,0,1,0,0,0,0,0,0,0,0,0,0,0,0,0
0,2,0.5485862670838475,-0.4745451962498395,2.008933366495236,-0.1249197866877571,1,0.6792945838081278,0,1,0,1,0,0,0,0,0,0,0,0,0,0,1,0,0,0,0,0,0,0,1,0,2
0,2,0.9712604053509488,-0.4745451962498395,-0.4736736092984604,-0.3866707201133388,0,-0.5609748304808925,1,1,0,1,0,0,0,0,0,0,0,0,0,0,0,0,0,1,0,0,0,0,1,0,2
0,2,1.6629089952425695,-0.4745451962498395,-0.4736736092984604,-0.3962346965269658,0,-0.5609748304808925,1,1,0,1,0,0,0,0,0,0,0,0,0,0,0,0,0,1,0,0,0,0,1,0,2
1,1,-0.5657364610748746,0.4327933656785018,-0.4736736092984604,0.6925485130875209,1,0.0591598766636176,0,0,0,1,0,0,0,0,0,0,0,0,0,0,0,1,0,0,0,0,0,1,0,0,1
0,3,2.00873329018838,-0.4745451962498395,-0.4736736092984604,-0.4863374216869257,0,-0.5609748304808925,1,1,0,1,0,0,0,0,0,0,0,0,0,0,1,0,0,0,0,0,0,0,1,0,2
0,3,0.8559856403690123,-0.4745451962498395,2.008933366495236,-0.356468689333464,0,0.6792945838081278,0,1,0,1,0,0,0,0,0,0,0,0,0,0,1,0,0,0,0,0,0,0,1,0,2
0,3,-0.1046374011471275,-0.4745451962498395,-0.4736736092984604,-0.5011867534870308,0,-0.5609748304808925,1,1,0,1,0,0,0,0,0,0,0,0,0,0,1,0,0,0,0,0,0,1,0,0,2
0,1,1.6629089952425695,-0.4745451962498395,0.7676298785983874,0.5874293382238074,0,0.0591598766636176,0,1,0,0,0,0,0,0,0,0,0,0,0,0,1,0,0,0,0,0,0,0,1,0,2
1,3,-1.0268355210026217,-0.4745451962498395,-0.4736736092984604,-0.4927140771189165,0,-0.5609748304808925,1,0,1,0,0,0,0,0,0,0,0,1,0,0,0,0,0,0,0,0,1,0,0,0,1
0,3,0.0490622854954548,-0.4745451962498395,-0.4736736092984604,-0.4863374216869257,0,-0.5609748304808925,1,1,0,1,0,0,0,0,0,0,0,0,0,0,1,0,0,0,0,0,0,1,0,0,2
0,3,-0.1046374011471275,-0.4745451962498395,-0.4736736092984604,-0.4740049257851434,0,-0.5609748304808925,1,1,0,1,0,0,0,0,0,0,0,0,0,0,1,0,0,0,0,0,0,1,0,0,2
0,3,-0.1046374011471275,6.784163299176891,2.008933366495236,0.7519458402879414,0,5.64037224096421,0,1,0,1,0,0,0,0,0,0,1,0,0,0,0,0,0,0,0,0,0,1,0,0,0
0,3,1.1249600919935314,-0.4745451962498395,0.7676298785983874,-0.3242531898349308,0,0.0591598766636176,0,1,0,1,0,0,0,0,0,0,0,0,0,0,1,0,0,0,0,0,0,0,1,0,2
1,2,0.8175607187083667,-0.4745451962498395,-0.4736736092984604,-0.331300330350235,0,-0.5609748304808925,1,0,0,1,0,0,0,0,0,0,0,0,0,0,0,1,0,0,0,0,0,0,1,0,1
0,3,-0.2583370877897099,-0.4745451962498395,-0.4736736092984604,-0.4918744606632361,0,-0.5609748304808925,1,1,0,1,0,0,0,0,0,0,0,0,0,0,1,0,0,0,0,0,0,1,0,0,2
0,3,-0.9499856776813304,-0.4745451962498395,-0.4736736092984604,-0.4740049257851434,0,-0.5609748304808925,1,1,0,1,0,0,0,0,0,0,0,0,0,0,1,0,0,0,0,0,1,0,0,0,2
0,3,-2.179583170821989,3.1548090514635256,0.7676298785983874,0.1506737441786005,0,2.5396987052416584,0,1,0,1,0,0,0,0,0,0,1,0,0,0,0,0,0,0,0,0,0,0,0,0,0
1,3,-1.56478442425166,-0.4745451962498395,2.008933366495236,-0.2351571990343002,0,0.6792945838081278,0,1,0,1,0,0,0,0,0,0,1,0,0,0,0,0,0,0,0,0,0,0,0,0,0
1,1,-0.1046374011471275,-0.4745451962498395,0.7676298785983874,0.4589861417231558,1,0.0591598766636176,0,0,0,1,0,0,0,0,0,0,0,0,0,0,0,1,0,0,0,0,0,1,0,0,1
0,3,1.2018099353148226,0.4327933656785018,4.491540342288931,-0.086663881033249,0,2.5396987052416584,0,0,0,1,0,0,0,0,0,0,0,0,0,0,0,1,0,0,0,0,0,0,1,0,0
0,1,-0.1046374011471275,-0.4745451962498395,-0.4736736092984604,-0.1264298882267508,0,-0.5609748304808925,1,1,0,1,0,0,0,0,0,0,0,0,0,0,1,0,0,0,0,0,0,1,0,0,2
0,3,-0.1046374011471275,-0.4745451962498395,-0.4736736092984604,0.489103606816847,0,-0.5609748304808925,1,1,0,1,0,0,0,0,0,0,0,0,0,0,1,0,0,0,0,0,0,1,0,0,2
0,1,2.4314074284554814,-0.4745451962498395,-0.4736736092984604,0.0260903672116169,1,-0.5609748304808925,1,1,0,1,0,0,0,0,0,0,0,0,0,0,1,0,0,0,0,0,0,0,0,1,2
0,3,-1.949033640858116,3.1548090514635256,0.7676298785983874,-0.0619988892296846,0,2.5396987052416584,0,1,1,0,0,0,0,0,0,0,1,0,0,0,0,0,0,0,0,0,0,0,0,0,0
1,3,-2.179583170821989,0.4327933656785018,0.7676298785983874,-0.4242561406845337,0,0.6792945838081278,0,0,0,1,0,0,0,0,0,0,0,1,0,0,0,0,0,0,0,0,0,0,0,0,1
0,3,-0.6425863043961658,-0.4745451962498395,-0.4736736092984604,-0.4888542575852486,0,-0.5609748304808925,1,1,0,1,0,0,0,0,0,0,0,0,0,0,1,0,0,0,0,0,0,1,0,0,2
0,1,2.047158211849025,-0.4745451962498395,-0.4736736092984604,-0.0303713225969997,1,-0.5609748304808925,1,1,0,0,0,0,0,0,0,0,0,0,0,0,1,0,0,0,0,0,0,0,1,0,2
0,3,-0.8731358343600393,0.4327933656785018,0.7676298785983874,-0.4902797934380587,0,0.6792945838081278,0,1,0,1,0,0,0,0,0,0,0,0,0,0,1,0,0,0,0,0,1,0,0,0,2
0,3,-0.1046374011471275,2.247470489535184,0.7676298785983874,-0.1356576153643619,0,1.919563998097148,0,1,0,1,0,0,0,0,0,0,1,0,0,0,0,0,0,0,0,0,0,1,0,0,0
0,1,1.5860591519212783,-0.4745451962498395,-0.4736736092984604,-0.0703044476941502,1,-0.5609748304808925,1,0,0,0,0,0,0,0,0,0,0,1,0,0,0,0,0,0,0,0,0,0,1,0,1
0,2,0.0490622854954548,-0.4745451962498395,-0.4736736092984604,-0.3866707201133388,0,-0.5609748304808925,1,1,0,1,0,0,0,0,0,0,0,0,0,0,1,0,0,0,0,0,0,1,0,0,2
0,3,0.5101613454232019,-0.4745451962498395,-0.4736736092984604,-0.6484216535389205,0,-0.5609748304808925,1,1,0,1,0,0,0,0,0,0,0,0,0,0,1,0,0,0,0,0,0,0,1,0,2
0,3,-0.1046374011471275,6.784163299176891,2.008933366495236,0.7519458402879414,0,5.64037224096421,0,0,0,1,0,0,0,0,0,0,0,1,0,0,0,0,0,0,0,0,0,1,0,0,0
0,2,-0.1046374011471275,-0.4745451962498395,-0.4736736092984604,-0.3453946113808432,0,-0.5609748304808925,1,1,0,0,0,0,0,0,0,0,0,0,0,0,1,0,0,0,0,0,0,1,0,0,2
0,3,-1.56478442425166,3.1548090514635256,2.008933366495236,-0.0164441594700401,0,3.1598334123861687,0,1,0,1,0,0,0,0,0,0,1,0,0,0,0,0,0,0,0,0,0,0,0,0,0
1,2,-2.179583170821989,1.340131927606843,0.7676298785983874,0.1368311467378245,1,1.299429290952638,0,1,0,1,0,0,0,0,0,0,1,0,0,0,0,0,0,0,0,0,0,0,0,0,0
1,3,-1.949033640858116,-0.4745451962498395,2.008933366495236,-0.2049551682544254,0,0.6792945838081278,0,0,0,1,0,0,0,0,0,0,0,1,0,0,0,0,0,0,0,0,0,0,0,0,1
0,1,-0.1046374011471275,-0.4745451962498395,-0.4736736092984604,0.3583127057902398,1,-0.5609748304808925,1,1,0,1,0,0,0,0,0,0,0,0,0,0,1,0,0,0,0,0,0,1,0,0,2
1,3,-0.1046374011471275,0.4327933656785018,-0.4736736092984604,-0.3363340021468808,0,0.0591598766636176,0,0,1,0,0,0,0,0,0,0,0,0,0,0,0,1,0,0,0,0,0,1,0,0,1
1,1,1.2018099353148226,-0.4745451962498395,-0.4736736092984604,-0.1138457087351363,0,-0.5609748304808925,1,1,0,1,0,0,0,0,0,0,0,0,0,0,1,0,0,0,0,0,0,0,1,0,2
0,3,0.8175607187083667,0.4327933656785018,0.7676298785983874,-0.3363340021468808,0,0.6792945838081278,0,1,1,0,0,0,0,0,0,0,0,0,0,0,1,0,0,0,0,0,0,0,1,0,2
0,3,0.5101613454232019,-0.4745451962498395,-0.4736736092984604,-0.4894421904510968,0,-0.5609748304808925,1,1,0,1,0,0,0,0,0,0,0,0,0,0,1,0,0,0,0,0,0,0,1,0,2
1,2,0.2027619721380371,-0.4745451962498395,-0.4736736092984604,-0.3866707201133388,0,-0.5609748304808925,1,0,0,1,0,0,0,0,0,0,0,0,0,0,0,1,0,0,0,0,0,1,0,0,1
0,2,-0.7962859910387481,-0.4745451962498395,-0.4736736092984604,-0.3866707201133388,0,-0.5609748304808925,1,1,0,1,0,0,0,0,0,0,0,0,0,0,1,0,0,0,0,0,0,1,0,0,2
1,3,-0.7962859910387481,0.4327933656785018,-0.4736736092984604,-0.4902797934380587,0,0.0591598766636176,0,0,0,1,0,0,0,0,0,0,0,1,0,0,0,0,0,0,0,0,0,1,0,0,1
1,2,-2.025883484179407,0.4327933656785018,0.7676298785983874,-0.1249197866877571,1,0.6792945838081278,0,1,0,1,0,0,0,0,0,0,1,0,0,0,0,0,0,0,0,0,0,0,0,0,0
1,1,1.1249600919935314,-0.4745451962498395,-0.4736736092984604,-0.0902720169770847,1,-0.5609748304808925,1,0,0,0,0,0,0,0,0,0,0,0,0,0,0,1,0,0,0,0,0,0,1,0,1
1,1,2.200857898491608,-0.4745451962498395,-0.4736736092984604,2.301728820789,1,-0.5609748304808925,1,0,0,0,0,0,0,0,0,0,0,1,0,0,0,0,0,0,0,0,0,0,1,0,1
0,3,-0.1046374011471275,-0.4745451962498395,-0.4736736092984604,-0.4923778278429006,0,-0.5609748304808925,1,1,1,0,0,0,0,0,0,0,0,0,0,0,1,0,0,0,0,0,0,1,0,0,2
0,3,0.9712604053509488,-0.4745451962498395,0.7676298785983874,-0.4792057154854379,0,0.0591598766636176,0,1,0,1,0,0,0,0,0,0,0,0,0,0,1,0,0,0,0,0,0,0,1,0,2
1,3,-0.1046374011471275,-0.4745451962498395,-0.4736736092984604,-0.4923778278429006,0,-0.5609748304808925,1,0,1,0,0,0,0,0,0,0,0,1,0,0,0,0,0,0,0,0,0,1,0,0,1
0,2,-0.4120367744322922,-0.4745451962498395,-0.4736736092984604,-0.3866707201133388,0,-0.5609748304808925,1,0,0,1,0,0,0,0,0,0,0,1,0,0,0,0,0,0,0,0,0,1,0,0,1
0,3,-0.1046374011471275,-0.4745451962498395,-0.4736736092984604,-0.45714212526638,0,-0.5609748304808925,1,1,0,1,0,0,0,0,0,0,0,0,0,0,1,0,0,0,0,0,0,1,0,0,2
0,3,-0.1046374011471275,6.784163299176891,2.008933366495236,0.7519458402879414,0,5.64037224096421,0,1,0,1,0,0,0,0,0,0,0,0,0,0,1,0,0,0,0,0,0,1,0,0,0
0,3,0.3564616587806195,-0.4745451962498395,-0.4736736092984604,-0.5176307525123133,0,-0.5609748304808925,1,1,0,1,0,0,0,0,0,0,0,0,0,0,1,0,0,0,0,0,0,1,0,0,2
0,3,1.2402348569754682,-0.4745451962498395,-0.4736736092984604,-0.5029485386158568,0,-0.5609748304808925,1,1,0,0,0,0,0,0,0,0,0,0,0,0,1,0,0,0,0,0,0,0,1,0,2
1,3,-0.8731358343600393,-0.4745451962498395,-0.4736736092984604,-0.4863374216869257,0,-0.5609748304808925,1,1,0,1,0,0,0,0,0,0,0,0,0,0,1,0,0,0,0,0,1,0,0,0,2
0,3,-2.1027333275006983,-0.4745451962498395,0.7676298785983874,-0.4377624888492937,1,0.0591598766636176,0,0,0,1,0,0,0,0,0,0,0,1,0,0,0,0,0,0,0,0,0,0,0,0,1
0,3,0.2027619721380371,0.4327933656785018,-0.4736736092984604,-0.3292868616315766,0,0.0591598766636176,0,1,0,1,0,0,0,0,0,0,0,0,0,0,1,0,0,0,0,0,0,1,0,0,2
1,3,-0.2583370877897099,-0.4745451962498395,-0.4736736092984604,-0.2701412180209885,0,-0.5609748304808925,1,1,0,0,0,0,0,0,0,0,0,0,0,0,1,0,0,0,0,0,0,1,0,0,2
1,3,-1.0268355210026217,-0.4745451962498395,-0.4736736092984604,-0.4923778278429006,0,-0.5609748304808925,1,0,1,0,0,0,0,0,0,0,0,1,0,0,0,0,0,0,0,0,1,0,0,0,1
1,1,0.8175607187083667,-0.4745451962498395,-0.4736736092984604,-0.0242463507548411,1,-0.5609748304808925,1,1,0,0,0,0,0,0,0,0,0,0,0,0,1,0,0,0,0,0,0,0,1,0,2
0,3,-0.4120367744322922,-0.4745451962498395,-0.4736736092984604,-0.5064721088735089,0,-0.5609748304808925,1,1,0,1,0,0,0,0,0,0,0,0,0,0,1,0,0,0,0,0,0,1,0,0,2
1,2,0.4333115021019107,-0.4745451962498395,-0.4736736092984604,-0.2255932226206731,0,-0.5609748304808925,1,0,0,1,0,0,0,0,0,0,0,1,0,0,0,0,0,0,0,0,0,1,0,0,1
0,3,-0.5657364610748746,-0.4745451962498395,-0.4736736092984604,-0.5024451714361923,0,-0.5609748304808925,1,1,0,1,0,0,0,0,0,0,0,0,0,0,1,0,0,0,0,0,0,1,0,0,2
0,2,0.0490622854954548,-0.4745451962498395,-0.4736736092984604,-0.3866707201133388,0,-0.5609748304808925,1,1,0,1,0,0,0,0,0,0,0,0,0,0,1,0,0,0,0,0,0,1,0,0,2
0,3,-0.1046374011471275,0.4327933656785018,-0.4736736092984604,-0.4923778278429006,0,0.0591598766636176,0,1,1,0,0,0,0,0,0,0,0,0,0,0,1,0,0,0,0,0,0,1,0,0,2
1,1,0.125912128816746,0.4327933656785018,-0.4736736092984604,1.6323350375212924,1,0.0591598766636176,0,0,0,0,0,0,0,0,0,0,0,1,0,0,0,0,0,0,0,0,0,1,0,0,1
1,3,-0.1814872444684187,-0.4745451962498395,-0.4736736092984604,-0.4888542575852486,0,-0.5609748304808925,1,0,0,1,0,0,0,0,0,0,0,1,0,0,0,0,0,0,0,0,0,1,0,0,1
0,2,0.9712604053509488,0.4327933656785018,-0.4736736092984604,-0.1047850995011739,0,0.0591598766636176,0,1,0,1,0,0,0,0,0,0,0,0,0,0,1,0,0,0,0,0,0,0,1,0,2
1,1,0.2027619721380371,-0.4745451962498395,-0.4736736092984604,0.8876878608937296,1,-0.5609748304808925,1,0,0,0,0,0,0,0,0,0,0,1,0,0,0,0,0,0,0,0,0,1,0,0,1
0,2,0.0490622854954548,-0.4745451962498395,-0.4736736092984604,-0.4370074380797968,0,-0.5609748304808925,1,1,0,1,0,0,0,0,0,0,0,0,0,0,1,0,0,0,0,0,0,1,0,0,2
1,3,-1.0268355210026217,-0.4745451962498395,-0.4736736092984604,-0.4863374216869257,0,-0.5609748304808925,1,1,0,1,0,0,0,0,0,0,0,0,0,0,1,0,0,0,0,0,1,0,0,0,2
0,2,-0.1814872444684187,-0.4745451962498395,-0.4736736092984604,-0.3866707201133388,0,-0.5609748304808925,1,1,0,1,0,0,0,0,0,0,0,0,0,0,1,0,0,0,0,0,0,1,0,0,2
0,3,1.6629089952425695,-0.4745451962498395,-0.4736736092984604,-0.4863374216869257,0,-0.5609748304808925,1,1,0,1,0,0,0,0,0,0,0,0,0,0,1,0,0,0,0,0,0,0,1,0,2
0,3,-0.1046374011471275,-0.4745451962498395,-0.4736736092984604,-0.4894421904510968,0,-0.5609748304808925,1,1,0,1,0,0,0,0,0,0,0,0,0,0,1,0,0,0,0,0,0,1,0,0,2
1,1,0.6638610320657843,0.4327933656785018,-0.4736736092984604,1.163700193253568,1,0.0591598766636176,0,1,0,1,0,0,0,0,0,0,0,0,0,0,1,0,0,0,0,0,0,0,1,0,2
0,3,-0.5657364610748746,-0.4745451962498395,-0.4736736092984604,-0.4601623283443675,0,-0.5609748304808925,1,1,0,1,0,0,0,0,0,0,0,0,0,0,1,0,0,0,0,0,0,1,0,0,2
1,2,-0.7962859910387481,-0.4745451962498395,-0.4736736092984604,-0.4370074380797968,0,-0.5609748304808925,1,1,0,1,0,0,0,0,0,0,0,0,0,0,1,0,0,0,0,0,0,1,0,0,2
0,3,-0.6810112260568114,-0.4745451962498395,-0.4736736092984604,-0.5024451714361923,0,-0.5609748304808925,1,1,0,1,0,0,0,0,0,0,0,0,0,0,1,0,0,0,0,0,0,1,0,0,2
0,2,-0.8731358343600393,-0.4745451962498395,-0.4736736092984604,-0.3866707201133388,0,-0.5609748304808925,1,1,0,1,0,0,0,0,0,0,0,0,0,0,1,0,0,0,0,0,1,0,0,0,2
0,3,-0.1046374011471275,2.247470489535184,0.7676298785983874,-0.1356576153643619,0,1.919563998097148,0,0,0,1,0,0,0,0,0,0,0,1,0,0,0,0,0,0,0,0,0,1,0,0,0
1,1,0.4333115021019107,0.4327933656785018,-0.4736736092984604,1.0323213593611125,1,0.0591598766636176,0,0,0,1,0,0,0,0,0,0,0,0,0,0,0,1,0,0,0,0,0,1,0,0,1
0,3,-0.0277875578258363,-0.4745451962498395,-0.4736736092984604,-0.4918744606632361,0,-0.5609748304808925,1,1,0,1,0,0,0,0,0,0,0,0,0,0,1,0,0,0,0,0,0,1,0,0,2
0,2,2.277707741812899,-0.4745451962498395,-0.4736736092984604,-0.3766033765200472,0,-0.5609748304808925,1,1,0,1,0,0,0,0,0,0,0,0,0,0,1,0,0,0,0,0,0,0,1,0,2
1,3,-1.8721837975368247,3.1548090514635256,2.008933366495236,-0.0164441594700401,0,3.1598334123861687,0,0,0,1,0,0,0,0,0,0,0,1,0,0,0,0,0,0,0,0,0,0,0,0,0
0,2,-0.4120367744322922,-0.4745451962498395,-0.4736736092984604,-0.4370074380797968,0,-0.5609748304808925,1,1,0,1,0,0,0,0,0,0,0,0,0,0,1,0,0,0,0,0,0,1,0,0,2
0,3,-0.1046374011471275,-0.4745451962498395,-0.4736736092984604,-0.4964047652802172,0,-0.5609748304808925,1,0,0,1,0,0,0,0,0,0,0,1,0,0,0,0,0,0,0,0,0,1,0,0,1
0,2,1.1249600919935314,0.4327933656785018,-0.4736736092984604,-0.1249197866877571,0,0.0591598766636176,0,1,0,1,0,0,0,0,0,0,0,0,0,0,1,0,0,0,0,0,0,0,1,0,2
1,2,-1.6416342675729512,-0.4745451962498395,2.008933366495236,-0.1198861148911113,0,0.6792945838081278,0,0,0,1,0,0,0,0,0,0,0,1,0,0,0,0,0,0,0,0,0,0,0,0,1
0,2,-0.7962859910387481,-0.4745451962498395,-0.4736736092984604,-0.4370074380797968,0,-0.5609748304808925,1,1,0,1,0,0,0,0,0,0,0,0,0,0,1,0,0,0,0,0,0,1,0,0,2
0,2,0.2796118154593283,-0.4745451962498395,-0.4736736092984604,-0.4012683683236117,0,-0.5609748304808925,1,1,0,1,0,0,0,0,0,0,0,0,0,0,1,0,0,0,0,0,0,1,0,0,2
0,3,-0.1046374011471275,0.4327933656785018,-0.4736736092984604,-0.3573908580066095,0,0.0591598766636176,0,0,0,0,0,0,0,0,0,0,0,1,0,0,0,0,0,0,0,0,0,1,0,0,1
1,3,-0.1046374011471275,0.4327933656785018,-0.4736736092984604,-0.3363340021468808,0,0.0591598766636176,0,0,1,0,0,0,0,0,0,0,0,1,0,0,0,0,0,0,0,0,0,1,0,0,1
0,2,-0.0277875578258363,-0.4745451962498395,-0.4736736092984604,-0.4370074380797968,0,-0.5609748304808925,1,1,0,1,0,0,0,0,0,0,0,0,0,0,1,0,0,0,0,0,0,1,0,0,2
0,3,-0.5657364610748746,-0.4745451962498395,-0.4736736092984604,-0.5049620073345151,0,-0.5609748304808925,1,1,0,1,0,0,0,0,0,0,0,0,0,0,1,0,0,0,0,0,0,1,0,0,2
0,3,0.0490622854954548,-0.4745451962498395,-0.4736736092984604,-0.5029485386158568,0,-0.5609748304808925,1,1,0,0,0,0,0,0,0,0,0,0,0,0,1,0,0,0,0,0,0,1,0,0,2
0,1,1.1249600919935314,1.340131927606843,-0.4736736092984604,1.163700193253568,1,0.6792945838081278,0,1,1,0,0,0,1,0,0,0,0,0,0,0,0,0,0,0,0,0,0,0,1,0,1
0,3,-0.335186931111001,-0.4745451962498395,-0.4736736092984604,-0.4918744606632361,0,-0.5609748304808925,1,0,0,1,0,0,0,0,0,0,0,1,0,0,0,0,0,0,0,0,0,1,0,0,1
1,2,-0.4120367744322922,-0.4745451962498395,2.008933366495236,-0.356468689333464,0,0.6792945838081278,0,0,0,1,0,0,0,0,0,0,0,0,0,0,0,1,0,0,0,0,0,1,0,0,1
1,1,0.5870111887444931,0.4327933656785018,0.7676298785983874,0.4097407238022106,1,0.6792945838081278,0,1,0,1,0,0,0,0,0,0,0,0,0,0,1,0,0,0,0,0,0,0,1,0,2
0,2,1.893458525206443,0.4327933656785018,-0.4736736092984604,-0.1249197866877571,0,0.0591598766636176,0,1,0,1,0,0,0,0,0,0,0,0,0,0,0,0,0,1,0,0,0,0,1,0,2
0,3,-0.1046374011471275,-0.4745451962498395,-0.4736736092984604,-0.5024451714361923,0,-0.5609748304808925,1,1,0,1,0,0,0,0,0,0,0,0,0,0,1,0,0,0,0,0,0,1,0,0,2
0,3,-0.0277875578258363,0.4327933656785018,0.7676298785983874,-0.4377624888492937,1,0.6792945838081278,0,0,0,1,0,0,0,0,0,0,0,0,0,0,0,1,0,0,0,0,0,1,0,0,1
0,1,2.5082572717767726,-0.4745451962498395,-0.4736736092984604,-0.1138457087351363,1,-0.5609748304808925,1,1,0,1,0,0,0,0,0,0,0,0,0,0,1,0,0,0,0,0,0,0,0,1,2
0,3,0.0490622854954548,0.4327933656785018,-0.4736736092984604,-0.3242531898349308,0,0.0591598766636176,0,1,0,1,0,0,0,0,0,0,0,0,0,0,1,0,0,0,0,0,0,1,0,0,2
0,3,0.8944105620296577,-0.4745451962498395,2.008933366495236,-0.2414492887801075,0,0.6792945838081278,0,0,0,1,0,0,0,0,0,0,0,0,0,0,0,1,0,0,0,0,0,0,1,0,1
1,3,-0.0277875578258363,-0.4745451962498395,2.008933366495236,-0.3414522396297103,0,0.6792945838081278,0,0,0,0,0,0,0,0,0,0,0,0,0,0,0,1,0,0,0,0,0,1,0,0,1
1,1,-0.1046374011471275,-0.4745451962498395,-0.4736736092984604,0.9462455716384696,0,-0.5609748304808925,1,0,0,0,0,0,0,0,0,0,0,0,0,0,0,1,0,0,0,0,0,1,0,0,1
1,1,0.0490622854954548,-0.4745451962498395,-0.4736736092984604,1.093228788100527,1,-0.5609748304808925,1,0,0,1,0,0,0,0,0,0,0,1,0,0,0,0,0,0,0,0,0,1,0,0,1
1,1,0.4333115021019107,-0.4745451962498395,-0.4736736092984604,9.667166525013505,0,-0.5609748304808925,1,0,0,0,0,0,0,0,0,0,0,1,0,0,0,0,0,0,0,0,0,1,0,0,1
1,2,1.5860591519212783,-0.4745451962498395,0.7676298785983874,-0.1249197866877571,0,0.0591598766636176,0,0,0,1,0,0,0,0,0,0,0,0,0,0,0,1,0,0,0,0,0,0,1,0,1
0,3,-0.1046374011471275,-0.4745451962498395,-0.4736736092984604,-0.4923778278429006,0,-0.5609748304808925,1,1,1,0,0,0,0,0,0,0,0,0,0,0,1,0,0,0,0,0,0,1,0,0,2
1,3,-2.025883484179407,3.1548090514635256,2.008933366495236,-0.0164441594700401,0,3.1598334123861687,0,1,0,1,0,0,0,0,0,0,1,0,0,0,0,0,0,0,0,0,0,0,0,0,0
0,1,1.7397588385638607,0.4327933656785018,0.7676298785983874,0.955306180872432,1,0.6792945838081278,0,1,0,1,0,0,0,0,0,0,0,0,0,0,1,0,0,0,0,0,0,0,1,0,2
0,1,0.8175607187083667,-0.4745451962498395,-0.4736736092984604,-0.6484216535389205,1,-0.5609748304808925,1,1,0,1,0,0,0,0,0,0,0,0,0,0,1,0,0,0,0,0,0,0,1,0,2
0,3,-0.1046374011471275,-0.4745451962498395,-0.4736736092984604,-0.4923778278429006,0,-0.5609748304808925,1,0,1,0,0,0,0,0,0,0,0,1,0,0,0,0,0,0,0,0,0,1,0,0,1
0,2,0.5101613454232019,-0.4745451962498395,-0.4736736092984604,-0.4370074380797968,0,-0.5609748304808925,1,1,0,1,0,0,0,0,0,0,0,0,0,0,1,0,0,0,0,0,0,0,1,0,2
0,3,-1.0268355210026217,3.1548090514635256,0.7676298785983874,0.1506737441786005,0,2.5396987052416584,0,1,0,1,0,0,0,0,0,0,0,0,0,0,1,0,0,0,0,0,1,0,0,0,0
1,3,-0.335186931111001,0.4327933656785018,-0.4736736092984604,-0.4918744606632361,0,0.0591598766636176,0,1,0,1,0,0,0,0,0,0,0,0,0,0,1,0,0,0,0,0,0,1,0,0,2
1,1,2.200857898491608,-0.4745451962498395,0.7676298785983874,2.441497778832105,1,0.0591598766636176,0,0,0,1,0,0,0,0,0,0,0,0,0,0,0,1,0,0,0,0,0,0,1,0,1
1,1,0.4333115021019107,-0.4745451962498395,-0.4736736092984604,2.0825124140450755,1,-0.5609748304808925,1,0,0,1,0,0,0,0,0,0,0,1,0,0,0,0,0,0,0,0,0,1,0,0,1
0,1,-0.1046374011471275,-0.4745451962498395,-0.4736736092984604,-0.0242463507548411,0,-0.5609748304808925,1,1,0,1,0,0,0,0,0,0,0,0,0,0,1,0,0,0,0,0,0,1,0,0,2
1,3,-0.335186931111001,-0.4745451962498395,-0.4736736092984604,-0.6484216535389205,0,-0.5609748304808925,1,1,0,1,0,0,0,0,0,0,0,0,0,0,1,0,0,0,0,0,0,1,0,0,2
1,2,0.8944105620296577,-0.4745451962498395,0.7676298785983874,-0.255795253400548,0,0.0591598766636176,0,0,0,1,0,0,0,0,0,0,0,0,0,0,0,1,0,0,0,0,0,0,1,0,1
0,1,0.5870111887444931,-0.4745451962498395,0.7676298785983874,-0.0504214440973992,1,0.0591598766636176,0,1,0,0,0,0,0,0,0,0,0,0,0,0,1,0,0,0,0,0,0,0,1,0,2
1,3,-0.1046374011471275,-0.4745451962498395,-0.4736736092984604,-0.4923778278429006,0,-0.5609748304808925,1,0,1,0,0,0,0,0,0,0,0,1,0,0,0,0,0,0,0,0,0,1,0,0,1
1,1,2.585107115098064,0.4327933656785018,-0.4736736092984604,0.921244330558889,1,0.0591598766636176,0,0,0,1,0,0,0,0,0,0,0,1,0,0,0,0,0,0,0,0,0,0,0,1,1
0,3,1.2018099353148226,-0.4745451962498395,-0.4736736092984604,-0.4923778278429006,0,-0.5609748304808925,1,0,0,1,0,0,0,0,0,0,0,1,0,0,0,0,0,0,0,0,0,0,1,0,1
0,2,-0.1046374011471275,-0.4745451962498395,-0.4736736092984604,-0.6484216535389205,0,-0.5609748304808925,1,1,0,1,0,0,0,0,0,0,0,0,0,0,1,0,0,0,0,0,0,1,0,0,2
0,3,-1.7184841108942424,3.1548090514635256,0.7676298785983874,-0.0619988892296846,0,2.5396987052416584,0,1,1,0,0,0,0,0,0,0,1,0,0,0,0,0,0,0,0,0,0,0,0,0,0
1,3,0.4333115021019107,0.4327933656785018,0.7676298785983874,-0.2406942380106105,0,0.6792945838081278,0,0,0,1,0,0,0,0,0,0,0,0,0,0,0,1,0,0,0,0,0,1,0,0,1
0,3,2.738806801740646,-0.4745451962498395,-0.4736736092984604,-0.4923778278429006,0,-0.5609748304808925,1,1,1,0,0,0,0,0,0,0,0,0,0,0,1,0,0,0,0,0,0,0,0,1,2
0,3,-0.1046374011471275,-0.4745451962498395,-0.4736736092984604,-0.4902797934380587,0,-0.5609748304808925,1,1,0,1,0,0,0,0,0,0,0,0,0,0,1,0,0,0,0,0,0,1,0,0,2
0,3,-1.0268355210026217,-0.4745451962498395,-0.4736736092984604,-0.45714212526638,0,-0.5609748304808925,1,1,0,1,0,0,0,0,0,0,0,0,0,0,1,0,0,0,0,0,1,0,0,0,2
1,3,-0.7962859910387481,-0.4745451962498395,-0.4736736092984604,-0.4863374216869257,0,-0.5609748304808925,1,1,0,1,0,0,0,0,0,0,0,0,0,0,1,0,0,0,0,0,0,1,0,0,2
0,1,-0.1046374011471275,-0.4745451962498395,-0.4736736092984604,-0.1249197866877571,1,-0.5609748304808925,1,1,0,1,0,0,0,0,0,0,0,0,0,0,1,0,0,0,0,0,0,1,0,0,2
0,3,0.2796118154593283,-0.4745451962498395,-0.4736736092984604,-0.4740049257851434,0,-0.5609748304808925,1,1,0,0,0,0,0,0,0,0,0,0,0,0,1,0,0,0,0,0,0,1,0,0,2
1,3,0.0490622854954548,-0.4745451962498395,-0.4736736092984604,-0.45714212526638,0,-0.5609748304808925,1,1,0,1,0,0,0,0,0,0,0,0,0,0,1,0,0,0,0,0,0,1,0,0,2
0,3,-0.5657364610748746,-0.4745451962498395,-0.4736736092984604,-0.4894421904510968,0,-0.5609748304808925,1,1,0,1,0,0,0,0,0,0,0,0,0,0,1,0,0,0,0,0,0,1,0,0,2
1,2,0.9712604053509488,-0.4745451962498395,-0.4736736092984604,-0.3866707201133388,0,-0.5609748304808925,1,1,0,1,0,0,0,0,0,0,0,0,0,0,1,0,0,0,0,0,0,0,1,0,2
1,3,-0.5657364610748746,-0.4745451962498395,-0.4736736092984604,-0.4923778278429006,0,-0.5609748304808925,1,0,1,0,0,0,0,0,0,0,0,1,0,0,0,0,0,0,0,0,0,1,0,0,1
1,1,-0.2583370877897099,-0.4745451962498395,-0.4736736092984604,0.9391984311231651,0,-0.5609748304808925,1,0,0,1,0,0,0,0,0,0,0,1,0,0,0,0,0,0,0,0,0,1,0,0,1
1,1,-0.7962859910387481,0.4327933656785018,-0.4736736092984604,1.1854295476653287,1,0.0591598766636176,0,0,0,0,0,0,0,0,0,0,0,0,0,0,0,1,0,0,0,0,0,1,0,0,1
0,2,0.5101613454232019,-0.4745451962498395,-0.4736736092984604,-0.3891875560116617,1,-0.5609748304808925,1,1,0,0,0,0,0,0,0,0,0,0,0,0,1,0,0,0,0,0,0,0,1,0,2
0,3,-0.4120367744322922,-0.4745451962498395,-0.4736736092984604,-0.4702296719376591,0,-0.5609748304808925,1,0,0,1,0,0,0,0,0,0,0,1,0,0,0,0,0,0,0,0,0,1,0,0,1
0,3,-0.4120367744322922,-0.4745451962498395,-0.4736736092984604,-0.4894421904510968,0,-0.5609748304808925,1,1,0,1,0,0,0,0,0,0,0,0,0,0,1,0,0,0,0,0,0,1,0,0,2
0,1,-0.1046374011471275,-0.4745451962498395,-0.4736736092984604,-0.0902720169770847,0,-0.5609748304808925,1,1,0,0,0,0,0,0,0,0,0,0,0,0,1,0,0,0,0,0,0,1,0,0,2
0,3,-0.4504616960929378,-0.4745451962498395,-0.4736736092984604,-0.5028639729296732,0,-0.5609748304808925,1,1,0,0,0,0,0,0,0,0,0,0,0,0,1,0,0,0,0,0,0,1,0,0,2
0,1,-2.1027333275006983,0.4327933656785018,2.008933366495236,2.402990189587765,1,1.299429290952638,0,0,0,1,0,0,0,0,0,0,0,1,0,0,0,0,0,0,0,0,0,0,0,0,1
1,1,-0.1046374011471275,-0.4745451962498395,-0.4736736092984604,-0.0343136943481327,1,-0.5609748304808925,1,1,0,1,0,0,0,0,0,0,0,0,0,0,1,0,0,0,0,0,0,1,0,0,2
1,1,1.5860591519212783,-0.4745451962498395,0.7676298785983874,4.335332226633905,1,0.0591598766636176,0,0,0,0,0,0,0,0,0,0,0,0,0,0,0,1,0,0,0,0,0,0,1,0,1
1,3,-0.1046374011471275,-0.4745451962498395,-0.4736736092984604,-0.4923778278429006,0,-0.5609748304808925,1,0,1,0,0,0,0,0,0,0,0,1,0,0,0,0,0,0,0,0,0,1,0,0,1
1,3,-0.1046374011471275,1.340131927606843,-0.4736736092984604,-0.1802901764508609,0,0.6792945838081278,0,1,1,0,0,0,0,0,0,0,0,0,0,0,1,0,0,0,0,0,0,1,0,0,2
0,3,-0.7962859910387481,-0.4745451962498395,-0.4736736092984604,-0.6484216535389205,0,-0.5609748304808925,1,1,0,1,0,0,0,0,0,0,0,0,0,0,1,0,0,0,0,0,0,1,0,0,2
1,2,-0.1046374011471275,-0.4745451962498395,-0.4736736092984604,-0.3997582667846179,1,-0.5609748304808925,1,0,1,0,0,0,0,0,0,0,0,1,0,0,0,0,0,0,0,0,0,1,0,0,1
0,3,-0.1046374011471275,-0.4745451962498395,-0.4736736092984604,-0.4863374216869257,0,-0.5609748304808925,1,1,0,1,0,0,0,0,0,0,0,0,0,0,1,0,0,0,0,0,0,1,0,0,2
1,1,-2.1857311582876924,0.4327933656785018,2.008933366495236,2.402990189587765,1,1.299429290952638,0,1,0,1,0,0,0,0,0,0,1,0,0,0,0,0,0,0,0,0,0,0,0,0,0
1,1,-0.1046374011471275,-0.4745451962498395,-0.4736736092984604,1.5841789061771412,0,-0.5609748304808925,1,0,0,0,0,0,0,0,0,0,0,1,0,0,0,0,0,0,0,0,0,1,0,0,1
1,1,-0.9499856776813304,0.4327933656785018,-0.4736736092984604,1.5442457810799908,1,0.0591598766636176,0,0,0,0,0,0,0,0,0,0,0,0,0,0,0,1,0,0,0,0,1,0,0,0,1
0,2,0.0490622854954548,0.4327933656785018,-0.4736736092984604,-0.1651891610609235,0,0.0591598766636176,0,1,0,0,0,0,0,0,0,0,0,0,0,0,1,0,0,0,0,0,0,1,0,0,2
1,1,0.0490622854954548,-0.4745451962498395,-0.4736736092984604,0.4978299802435121,1,-0.5609748304808925,1,0,0,0,0,0,0,0,0,0,0,1,0,0,0,0,0,0,0,0,0,1,0,0,1
1,1,-0.4120367744322922,-0.4745451962498395,-0.4736736092984604,1.0259447039291216,1,-0.5609748304808925,1,0,0,0,0,0,0,0,0,0,0,1,0,0,0,0,0,0,0,0,0,1,0,0,1
1,1,-0.8731358343600393,1.340131927606843,2.008933366495236,4.634416897040849,1,1.919563998097148,0,0,0,0,0,0,0,0,0,0,0,1,0,0,0,0,0,0,0,0,1,0,0,0,1
0,2,-0.2583370877897099,0.4327933656785018,0.7676298785983874,-0.1249197866877571,0,0.6792945838081278,0,0,0,1,0,0,0,0,0,0,0,0,0,0,0,1,0,0,0,0,0,1,0,0,1
0,3,-0.1046374011471275,-0.4745451962498395,-0.4736736092984604,-0.4894421904510968,0,-0.5609748304808925,1,1,0,1,0,0,0,0,0,0,0,0,0,0,1,0,0,0,0,0,0,1,0,0,2
0,2,1.0481102486722402,0.4327933656785018,0.7676298785983874,-0.1198861148911113,0,0.6792945838081278,0,1,0,1,0,0,0,0,0,0,0,0,0,0,1,0,0,0,0,0,0,0,1,0,2
1,3,-0.2583370877897099,-0.4745451962498395,-0.4736736092984604,-0.4902797934380587,0,-0.5609748304808925,1,0,0,1,0,0,0,0,0,0,0,1,0,0,0,0,0,0,0,0,0,1,0,0,1
1,2,-0.4120367744322922,0.4327933656785018,-0.4736736092984604,-0.1249197866877571,0,0.0591598766636176,0,0,0,1,0,0,0,0,0,0,0,0,0,0,0,1,0,0,0,0,0,1,0,0,1
0,2,1.893458525206443,-0.4745451962498395,-0.4736736092984604,-0.3665360329267556,0,-0.5609748304808925,1,1,0,1,0,0,1,0,0,0,0,0,0,0,0,0,0,0,0,0,0,0,1,0,2
1,1,0.125912128816746,-0.4745451962498395,2.008933366495236,2.671117778445337,1,0.6792945838081278,0,0,0,1,0,0,0,0,0,0,0,1,0,0,0,0,0,0,0,0,0,1,0,0,1
1,1,0.8175607187083667,0.4327933656785018,0.7676298785983874,2.059693773056521,1,0.6792945838081278,0,0,0,0,0,0,0,0,0,0,0,0,0,0,0,1,0,0,0,0,0,0,1,0,1
0,3,-0.5657364610748746,-0.4745451962498395,-0.4736736092984604,-0.5024451714361923,0,-0.5609748304808925,1,1,0,1,0,0,0,0,0,0,0,0,0,0,1,0,0,0,0,0,0,1,0,0,2
0,3,-0.1814872444684187,-0.4745451962498395,-0.4736736092984604,-0.4894421904510968,0,-0.5609748304808925,1,1,0,1,0,0,0,0,0,0,0,0,0,0,1,0,0,0,0,0,0,1,0,0,2
1,2,0.0490622854954548,-0.4745451962498395,-0.4736736092984604,-0.3997582667846179,0,-0.5609748304808925,1,0,1,0,0,0,0,0,0,0,0,1,0,0,0,0,0,0,0,0,0,1,0,0,1
1,2,-0.5657364610748746,0.4327933656785018,0.7676298785983874,-0.0645157251280075,0,0.6792945838081278,0,0,0,1,0,0,0,0,0,0,0,0,0,0,0,1,0,0,0,0,0,1,0,0,1
0,3,-0.1046374011471275,6.784163299176891,2.008933366495236,0.7519458402879414,0,5.64037224096421,0,1,0,1,0,0,0,0,0,0,0,0,0,0,1,0,0,0,0,0,0,1,0,0,0
1,1,0.5101613454232019,-0.4745451962498395,-0.4736736092984604,2.0825124140450755,1,-0.5609748304808925,1,0,0,0,0,0,0,0,0,0,0,1,0,0,0,0,0,0,0,0,0,0,1,0,1
0,3,2.4314074284554814,-0.4745451962498395,-0.4736736092984604,-0.5228315422126077,0,-0.5609748304808925,1,1,0,1,0,0,0,0,0,0,0,0,0,0,1,0,0,0,0,0,0,0,0,1,2
1,2,0.5101613454232019,-0.4745451962498395,-0.4736736092984604,-0.3866707201133388,1,-0.5609748304808925,1,0,0,1,0,0,0,0,0,0,0,0,0,0,0,1,0,0,0,0,0,0,1,0,1
1,3,0.125912128816746,0.4327933656785018,0.7676298785983874,-0.2351571990343002,0,0.6792945838081278,0,0,0,1,0,0,0,0,0,0,0,0,0,0,0,1,0,0,0,0,0,1,0,0,1
1,1,-1.0268355210026217,-0.4745451962498395,0.7676298785983874,0.5189714017894245,1,0.0591598766636176,0,0,0,0,0,0,0,0,0,0,0,1,0,0,0,0,0,0,0,0,1,0,0,0,1
1,3,-0.1046374011471275,1.340131927606843,-0.4736736092984604,-0.1802901764508609,0,0.6792945838081278,0,0,1,0,0,0,0,0,0,0,0,1,0,0,0,0,0,0,0,0,0,1,0,0,1
0,1,1.2402348569754682,-0.4745451962498395,-0.4736736092984604,-0.0745830687212991,1,-0.5609748304808925,1,1,0,1,0,0,0,0,0,0,0,0,0,0,1,0,0,0,0,0,0,0,1,0,2
0,1,0.6638610320657843,-0.4745451962498395,0.7676298785983874,2.441497778832105,1,0.0591598766636176,0,1,0,1,0,0,0,0,0,0,0,0,0,0,1,0,0,0,0,0,0,0,1,0,2
0,3,-1.0268355210026217,1.340131927606843,-0.4736736092984604,-0.2859972841804228,0,0.6792945838081278,0,1,0,1,0,0,0,0,0,0,0,0,0,0,1,0,0,0,0,0,1,0,0,0,2
1,1,-0.1046374011471275,0.4327933656785018,-0.4736736092984604,2.042579288947925,0,0.0591598766636176,0,0,0,1,0,0,0,0,0,0,0,0,0,0,0,1,0,0,0,0,0,1,0,0,1
0,3,-0.1046374011471275,-0.4745451962498395,-0.4736736092984604,-0.4894421904510968,0,-0.5609748304808925,1,1,0,1,0,0,0,0,0,0,0,0,0,0,1,0,0,0,0,0,0,1,0,0,2
0,1,-0.0277875578258363,0.4327933656785018,-0.4736736092984604,0.6925485130875209,1,0.0591598766636176,0,1,0,1,0,0,0,0,0,0,0,0,0,0,1,0,0,0,0,0,0,1,0,0,2
1,1,0.8944105620296577,-0.4745451962498395,-0.4736736092984604,2.059693773056521,1,-0.5609748304808925,1,0,0,0,0,0,0,0,0,0,0,1,0,0,0,0,0,0,0,0,0,0,1,0,1
1,3,1.2018099353148226,-0.4745451962498395,-0.4736736092984604,-0.4863374216869257,0,-0.5609748304808925,1,1,0,1,0,0,0,0,0,0,0,0,0,0,1,0,0,0,0,0,0,0,1,0,2
0,1,1.2018099353148226,-0.4745451962498395,-0.4736736092984604,0.0663597415847833,1,-0.5609748304808925,1,1,0,1,0,0,0,0,0,0,0,0,0,0,1,0,0,0,0,0,0,0,1,0,2
1,2,-2.1027333275006983,0.4327933656785018,0.7676298785983874,-0.1249197866877571,1,0.6792945838081278,0,1,0,1,0,0,0,0,0,0,1,0,0,0,0,0,0,0,0,0,0,0,0,0,0
1,1,-0.4120367744322922,2.247470489535184,2.008933366495236,4.647001076532463,1,2.5396987052416584,0,0,0,1,0,0,0,0,0,0,0,1,0,0,0,0,0,0,0,0,0,1,0,0,0
0,2,-0.1046374011471275,-0.4745451962498395,-0.4736736092984604,-0.3866707201133388,0,-0.5609748304808925,1,1,0,1,0,0,0,0,0,0,0,0,0,0,1,0,0,0,0,0,0,1,0,0,2
0,2,-0.335186931111001,-0.4745451962498395,-0.4736736092984604,-0.3866707201133388,0,-0.5609748304808925,1,1,0,1,0,0,0,0,0,0,0,0,0,0,1,0,0,0,0,0,0,1,0,0,2
0,2,0.5101613454232019,-0.4745451962498395,-0.4736736092984604,-0.3866707201133388,0,-0.5609748304808925,1,1,0,1,0,0,0,0,0,0,0,0,0,0,1,0,0,0,0,0,0,0,1,0,2
1,2,-0.4120367744322922,-0.4745451962498395,-0.4736736092984604,-0.3866707201133388,1,-0.5609748304808925,1,0,0,1,0,0,0,0,0,0,0,1,0,0,0,0,0,0,0,0,0,1,0,0,1
1,2,0.8175607187083667,-0.4745451962498395,-0.4736736092984604,-0.3866707201133388,0,-0.5609748304808925,1,0,0,1,0,0,0,0,0,0,0,1,0,0,0,0,0,0,0,0,0,0,1,0,1
1,3,-0.1046374011471275,0.4327933656785018,-0.4736736092984604,-0.3242531898349308,0,0.0591598766636176,0,0,0,1,0,0,0,0,0,0,0,0,0,0,0,1,0,0,0,0,0,1,0,0,1
1,3,-2.025883484179407,0.4327933656785018,0.7676298785983874,-0.3282801272722475,0,0.6792945838081278,0,1,0,1,0,0,0,0,0,0,1,0,0,0,0,0,0,0,0,0,0,0,0,0,0
0,3,0.9712604053509488,-0.4745451962498395,-0.4736736092984604,-0.4740049257851434,0,-0.5609748304808925,1,1,0,1,0,0,0,0,0,0,0,0,0,0,1,0,0,0,0,0,0,0,1,0,2
0,3,-0.4888866177535834,-0.4745451962498395,-0.4736736092984604,-0.4626791642426904,0,-0.5609748304808925,1,1,0,1,0,0,0,0,0,0,0,0,0,0,1,0,0,0,0,0,0,1,0,0,2
0,1,-0.1046374011471275,-0.4745451962498395,-0.4736736092984604,0.0562923979914917,1,-0.5609748304808925,1,1,0,1,0,0,0,0,0,0,0,0,0,0,1,0,0,0,0,0,0,1,0,0,2
0,3,-1.1036853643239128,0.4327933656785018,0.7676298785983874,-0.5028639729296732,0,0.6792945838081278,0,1,0,0,0,0,0,0,0,0,0,0,0,0,1,0,0,0,0,0,1,0,0,0,2
0,3,-0.335186931111001,0.4327933656785018,-0.4736736092984604,-0.2900242216177394,0,0.0591598766636176,0,1,0,1,0,0,0,0,0,0,0,0,0,0,1,0,0,0,0,0,0,1,0,0,2
0,3,-0.1046374011471275,-0.4745451962498395,-0.4736736092984604,-0.5029485386158568,0,-0.5609748304808925,1,1,0,0,0,0,0,0,0,0,0,0,0,0,1,0,0,0,0,0,0,1,0,0,2
0,3,-0.1046374011471275,-0.4745451962498395,-0.4736736092984604,-0.45714212526638,0,-0.5609748304808925,1,1,0,1,0,0,0,0,0,0,0,0,0,0,1,0,0,0,0,0,0,1,0,0,2
1,1,-0.5657364610748746,-0.4745451962498395,0.7676298785983874,0.4589861417231558,1,0.0591598766636176,0,0,0,1,0,0,0,0,0,0,0,1,0,0,0,0,0,0,0,0,0,1,0,0,1
0,2,0.6638610320657843,-0.4745451962498395,-0.4736736092984604,-0.3866707201133388,0,-0.5609748304808925,1,0,0,1,0,0,0,0,0,0,0,1,0,0,0,0,0,0,0,0,0,0,1,0,1
1,3,-0.1046374011471275,-0.4745451962498395,-0.4736736092984604,-0.489776426258394,0,-0.5609748304808925,1,0,1,0,0,0,0,0,0,0,0,1,0,0,0,0,0,0,0,0,0,1,0,0,1
1,3,-0.1046374011471275,-0.4745451962498395,-0.4736736092984604,-0.489776426258394,0,-0.5609748304808925,1,0,1,0,0,0,0,0,0,0,0,1,0,0,0,0,0,0,0,0,0,1,0,0,1
0,3,0.8175607187083667,0.4327933656785018,4.491540342288931,-0.086663881033249,0,2.5396987052416584,0,1,0,1,0,0,0,0,0,0,0,0,0,0,1,0,0,0,0,0,0,0,1,0,0
0,2,-0.0277875578258363,0.4327933656785018,-0.4736736092984604,-0.0902720169770847,0,0.0591598766636176,0,1,0,0,0,0,0,0,0,0,0,0,0,0,1,0,0,0,0,0,0,1,0,0,2
0,3,1.2018099353148226,-0.4745451962498395,0.7676298785983874,-0.3573908580066095,0,0.0591598766636176,0,0,0,0,0,0,0,0,0,0,0,0,0,0,0,1,0,0,0,0,0,0,1,0,1
0,3,0.4333115021019107,-0.4745451962498395,-0.4736736092984604,-0.5064721088735089,0,-0.5609748304808925,1,1,0,1,0,0,0,0,0,0,0,0,0,0,1,0,0,0,0,0,0,1,0,0,2
0,3,-0.1046374011471275,0.4327933656785018,-0.4736736092984604,-0.3363340021468808,0,0.0591598766636176,0,1,1,0,0,0,0,0,0,0,0,0,0,0,1,0,0,0,0,0,0,1,0,0,2
0,3,0.0490622854954548,-0.4745451962498395,-0.4736736092984604,-0.5024451714361923,0,-0.5609748304808925,1,1,0,1,0,0,0,0,0,0,0,0,0,0,1,0,0,0,0,0,0,1,0,0,2
1,1,2.3545575851341902,0.4327933656785018,-0.4736736092984604,0.8667135572514657,1,0.0591598766636176,0,0,0,0,0,0,0,0,0,0,0,0,0,0,0,1,0,0,0,0,0,0,1,0,1
1,3,-0.1046374011471275,-0.4745451962498395,-0.4736736092984604,-0.5028639729296732,0,-0.5609748304808925,1,0,0,0,0,0,0,0,0,0,0,0,0,0,0,1,0,0,0,0,0,1,0,0,1
1,3,-0.1046374011471275,-0.4745451962498395,-0.4736736092984604,-0.4923778278429006,0,-0.5609748304808925,1,0,1,0,0,0,0,0,0,0,0,1,0,0,0,0,0,0,0,0,0,1,0,0,1
1,1,-0.4120367744322922,-0.4745451962498395,-0.4736736092984604,0.7469121684912956,1,-0.5609748304808925,1,0,0,0,0,0,0,0,0,0,0,0,0,1,0,0,0,0,0,0,0,1,0,0,1
1,1,-0.335186931111001,0.4327933656785018,-0.4736736092984604,0.4678796330534696,1,0.0591598766636176,0,1,0,0,0,0,0,0,0,0,0,0,0,0,1,0,0,0,0,0,0,1,0,0,2
0,3,-0.8731358343600393,0.4327933656785018,-0.4736736092984604,-0.5176307525123133,0,0.0591598766636176,0,1,0,1,0,0,0,0,0,0,0,0,0,0,1,0,0,0,0,0,1,0,0,0,2
0,3,-0.7962859910387481,-0.4745451962498395,-0.4736736092984604,-0.4863374216869257,0,-0.5609748304808925,1,1,0,1,0,0,0,0,0,0,0,0,0,0,1,0,0,0,0,0,0,1,0,0,2
0,1,-0.5657364610748746,-0.4745451962498395,-0.4736736092984604,2.0825124140450755,0,-0.5609748304808925,1,1,0,0,0,0,0,0,0,0,0,0,0,0,1,0,0,0,0,0,0,1,0,0,2
0,3,-2.025883484179407,2.247470489535184,0.7676298785983874,-0.2240831210816794,0,1.919563998097148,0,0,0,1,0,0,0,0,0,0,0,1,0,0,0,0,0,0,0,0,0,0,0,0,0
1,1,-0.1046374011471275,0.4327933656785018,-0.4736736092984604,1.0060617003323709,0,0.0591598766636176,0,0,0,0,0,0,0,0,0,0,0,0,0,0,0,1,0,0,0,0,0,1,0,0,1
1,3,-0.5657364610748746,-0.4745451962498395,-0.4736736092984604,-0.5024451714361923,0,-0.5609748304808925,1,0,0,1,0,0,0,0,0,0,0,1,0,0,0,0,0,0,0,0,0,1,0,0,1
0,1,-0.1814872444684187,-0.4745451962498395,2.008933366495236,3.610064686423428,1,0.6792945838081278,0,1,0,0,0,0,0,0,0,0,0,0,0,0,1,0,0,0,0,0,0,1,0,0,2
0,3,-0.719436147717457,-0.4745451962498395,-0.4736736092984604,-0.5676312212027554,0,-0.5609748304808925,1,1,0,0,0,0,0,0,0,0,0,0,0,0,1,0,0,0,0,0,0,1,0,0,2
0,3,-0.7962859910387481,-0.4745451962498395,-0.4736736092984604,-0.4918744606632361,0,-0.5609748304808925,1,1,0,1,0,0,0,0,0,0,0,0,0,0,1,0,0,0,0,0,0,1,0,0,2
1,1,0.9712604053509488,-0.4745451962498395,-0.4736736092984604,3.9327230485884233,0,-0.5609748304808925,1,0,0,0,0,0,0,0,0,0,0,1,0,0,0,0,0,0,0,0,0,0,1,0,1
1,3,-2.179583170821989,-0.4745451962498395,2.008933366495236,-0.3314674482538836,0,0.6792945838081278,0,0,0,0,0,0,0,0,0,0,0,1,0,0,0,0,0,0,0,0,0,0,0,0,1
0,3,0.2027619721380371,-0.4745451962498395,-0.4736736092984604,-0.4888542575852486,0,-0.5609748304808925,1,1,0,1,0,0,0,0,0,0,0,0,0,0,1,0,0,0,0,0,0,1,0,0,2
1,1,0.4333115021019107,0.4327933656785018,-0.4736736092984604,0.3985820801634062,0,0.0591598766636176,0,0,0,1,0,0,0,0,0,0,0,0,0,0,0,1,0,0,0,0,0,1,0,0,1
0,3,-0.1046374011471275,-0.4745451962498395,-0.4736736092984604,-0.4894421904510968,0,-0.5609748304808925,1,1,0,1,0,0,0,0,0,0,0,0,0,0,1,0,0,0,0,0,0,1,0,0,2
0,2,-0.8731358343600393,-0.4745451962498395,-0.4736736092984604,0.8314778546749452,0,-0.5609748304808925,1,1,0,1,0,0,0,0,0,0,0,0,0,0,1,0,0,0,0,0,1,0,0,0,2
0,3,-2.179583170821989,4.062147613391868,2.008933366495236,0.2958951755118318,0,3.779968119530679,0,1,0,1,0,0,0,0,0,0,1,0,0,0,0,0,0,0,0,0,0,0,0,0,0
1,2,0.5101613454232019,-0.4745451962498395,-0.4736736092984604,-0.3866707201133388,0,-0.5609748304808925,1,0,0,1,0,0,0,0,0,0,0,1,0,0,0,0,0,0,0,0,0,0,1,0,1
0,3,-0.1046374011471275,-0.4745451962498395,-0.4736736092984604,-0.4927966293363816,0,-0.5609748304808925,1,1,1,0,0,0,0,0,0,0,0,0,0,0,1,0,0,0,0,0,0,1,0,0,2
1,2,-0.9499856776813304,-0.4745451962498395,-0.4736736092984604,-0.406805407299922,0,-0.5609748304808925,1,0,0,0,0,0,0,0,0,0,0,1,0,0,0,0,0,0,0,0,1,0,0,0,1
1,1,0.5101613454232019,0.4327933656785018,2.008933366495236,1.7677408088510642,1,1.299429290952638,0,1,0,1,0,0,0,0,0,0,0,0,0,0,1,0,0,0,0,0,0,0,1,0,2
1,3,-0.6425863043961658,-0.4745451962498395,-0.4736736092984604,-0.4914556591697551,0,-0.5609748304808925,1,1,0,1,0,0,0,0,0,0,0,0,0,0,1,0,0,0,0,0,0,1,0,0,2
0,3,-0.1046374011471275,1.340131927606843,-0.4736736092984604,-0.4888542575852486,0,0.6792945838081278,0,1,0,1,0,0,0,0,0,0,0,0,0,0,1,0,0,0,0,0,0,1,0,0,2
1,1,-0.4888866177535834,0.4327933656785018,-0.4736736092984604,1.6323350375212924,1,0.0591598766636176,0,0,0,0,0,0,0,0,0,0,0,1,0,0,0,0,0,0,0,0,0,1,0,0,1
1,3,-0.4120367744322922,-0.4745451962498395,2.008933366495236,-0.312172377522981,1,0.6792945838081278,0,0,0,1,0,0,0,0,0,0,0,0,0,0,0,1,0,0,0,0,0,1,0,0,1
0,3,-0.5657364610748746,-0.4745451962498395,-0.4736736092984604,-0.4914556591697551,0,-0.5609748304808925,1,1,0,1,0,0,0,0,0,0,0,0,0,0,1,0,0,0,0,0,0,1,0,0,2
0,3,0.125912128816746,-0.4745451962498395,-0.4736736092984604,-0.4902797934380587,0,-0.5609748304808925,1,0,0,1,0,0,0,0,0,0,0,1,0,0,0,0,0,0,0,0,0,1,0,0,1
0,2,1.2786597786361138,-0.4745451962498395,-0.4736736092984604,-0.1249197866877571,0,-0.5609748304808925,1,1,0,1,0,0,0,0,0,0,0,0,0,0,1,0,0,0,0,0,0,0,1,0,2
0,2,-0.4888866177535834,-0.4745451962498395,-0.4736736092984604,-0.4370074380797968,0,-0.5609748304808925,1,1,0,1,0,0,1,0,0,0,0,0,0,0,0,0,0,0,0,0,0,1,0,0,2
1,2,-0.1046374011471275,-0.4745451962498395,-0.4736736092984604,-0.393717860628643,0,-0.5609748304808925,1,0,0,1,0,0,0,0,0,0,0,0,0,0,0,1,0,0,0,0,0,1,0,0,1
1,3,0.7407108753870755,-0.4745451962498395,-0.4736736092984604,-0.4888542575852486,0,-0.5609748304808925,1,1,0,1,0,0,0,0,0,0,0,0,0,0,1,0,0,0,0,0,0,0,1,0,2
0,3,-0.2583370877897099,-0.4745451962498395,-0.4736736092984604,-0.4863374216869257,0,-0.5609748304808925,1,1,0,1,0,0,0,0,0,0,0,0,0,0,1,0,0,0,0,0,0,1,0,0,2
0,3,-0.6425863043961658,0.4327933656785018,-0.4736736092984604,-0.4505983519307405,0,0.0591598766636176,0,0,0,1,0,0,0,0,0,0,0,1,0,0,0,0,0,0,0,0,0,1,0,0,1
0,3,-0.1046374011471275,0.4327933656785018,-0.4736736092984604,-0.3292868616315766,0,0.0591598766636176,0,1,0,1,0,0,0,0,0,0,0,0,0,0,1,0,0,0,0,0,0,1,0,0,2
0,3,-0.719436147717457,-0.4745451962498395,-0.4736736092984604,-0.4740049257851434,0,-0.5609748304808925,1,0,0,1,0,0,0,0,0,0,0,1,0,0,0,0,0,0,0,0,0,1,0,0,1
0,2,0.3564616587806195,0.4327933656785018,-0.4736736092984604,-0.2255932226206731,0,0.0591598766636176,0,1,0,1,0,0,0,0,0,0,0,0,0,0,1,0,0,0,0,0,0,1,0,0,2
0,3,1.6629089952425695,-0.4745451962498395,-0.4736736092984604,-0.4923778278429006,0,-0.5609748304808925,1,1,0,1,0,0,0,0,0,0,0,0,0,0,1,0,0,0,0,0,0,0,1,0,2
1,2,-2.025883484179407,0.4327933656785018,0.7676298785983874,-0.2708962687904854,0,0.6792945838081278,0,1,0,1,0,0,0,0,0,0,1,0,0,0,0,0,0,0,0,0,0,0,0,0,0
0,3,-0.6425863043961658,-0.4745451962498395,-0.4736736092984604,-0.4918744606632361,0,-0.5609748304808925,1,1,0,1,0,0,0,0,0,0,0,0,0,0,1,0,0,0,0,0,0,1,0,0,2
0,3,-0.1046374011471275,2.247470489535184,0.7676298785983874,-0.1356576153643619,0,1.919563998097148,0,0,0,1,0,0,0,0,0,0,0,1,0,0,0,0,0,0,0,0,0,1,0,0,0
0,3,-0.1046374011471275,-0.4745451962498395,-0.4736736092984604,-0.4894421904510968,0,-0.5609748304808925,1,1,0,1,0,0,0,0,0,0,0,0,0,0,1,0,0,0,0,0,0,1,0,0,2
0,3,-0.1046374011471275,-0.4745451962498395,-0.4736736092984604,-0.5103319284071769,0,-0.5609748304808925,1,1,1,0,0,0,0,0,0,0,0,0,0,0,1,0,0,0,0,0,0,1,0,0,2
1,1,0.2796118154593283,0.4327933656785018,-0.4736736092984604,1.163700193253568,1,0.0591598766636176,0,0,1,0,0,0,0,0,0,0,0,1,0,0,0,0,0,0,0,0,0,1,0,0,1
0,2,-0.1046374011471275,-0.4745451962498395,-0.4736736092984604,-0.6484216535389205,0,-0.5609748304808925,1,1,0,1,0,0,0,0,0,0,0,0,0,0,1,0,0,0,0,0,0,1,0,0,2
1,3,1.1249600919935314,-0.4745451962498395,-0.4736736092984604,-0.4888542575852486,0,-0.5609748304808925,1,1,0,1,0,0,0,0,0,0,0,0,0,0,1,0,0,0,0,0,0,0,1,0,2
0,3,-0.1046374011471275,-0.4745451962498395,-0.4736736092984604,-0.4863374216869257,0,-0.5609748304808925,1,0,0,1,0,0,0,0,0,0,0,0,0,0,0,1,0,0,0,0,0,1,0,0,1
1,2,0.3564616587806195,0.4327933656785018,0.7676298785983874,0.0059556800250336,0,0.6792945838081278,0,0,0,1,0,0,0,0,0,0,0,0,0,0,0,1,0,0,0,0,0,1,0,0,1
1,2,-0.8731358343600393,-0.4745451962498395,2.008933366495236,-0.3866707201133388,0,0.6792945838081278,0,0,0,1,0,0,0,0,0,0,0,1,0,0,0,0,0,0,0,0,1,0,0,0,1
0,2,0.0490622854954548,-0.4745451962498395,-0.4736736092984604,-0.3866707201133388,0,-0.5609748304808925,1,1,0,1,0,0,0,0,0,0,0,0,0,0,1,0,0,0,0,0,0,1,0,0,2
0,3,-1.4879345809303688,-0.4745451962498395,2.008933366495236,-0.1621689579829361,0,0.6792945838081278,0,0,0,1,0,0,0,0,0,0,0,1,0,0,0,0,0,0,0,0,0,0,0,0,1
0,3,-0.1046374011471275,-0.4745451962498395,-0.4736736092984604,-0.4894421904510968,0,-0.5609748304808925,1,1,0,0,0,0,0,0,0,0,0,0,0,0,1,0,0,0,0,0,0,1,0,0,2
0,3,-0.6425863043961658,-0.4745451962498395,-0.4736736092984604,-0.4927140771189165,0,-0.5609748304808925,1,1,1,0,0,0,0,0,0,0,0,0,0,0,1,0,0,0,0,0,0,1,0,0,2
0,3,-0.0277875578258363,-0.4745451962498395,-0.4736736092984604,-0.4898609919445778,0,-0.5609748304808925,1,1,0,1,0,0,0,0,0,0,0,0,0,0,1,0,0,0,0,0,0,1,0,0,2
0,3,-0.1046374011471275,0.4327933656785018,0.7676298785983874,-0.3584821580521223,0,0.6792945838081278,0,0,0,1,0,0,0,0,0,0,0,0,0,0,0,1,0,0,0,0,0,1,0,0,1
0,3,-0.8731358343600393,0.4327933656785018,0.7676298785983874,-0.2414492887801075,0,0.6792945838081278,0,1,0,1,0,0,0,0,0,0,0,0,0,0,1,0,0,0,0,0,1,0,0,0,2
0,3,-0.1046374011471275,-0.4745451962498395,-0.4736736092984604,-0.5024451714361923,0,-0.5609748304808925,1,1,0,1,0,0,0,0,0,0,0,0,0,0,1,0,0,0,0,0,0,1,0,0,2
1,2,-0.1046374011471275,0.4327933656785018,-0.4736736092984604,-0.1249197866877571,0,0.0591598766636176,0,0,0,1,0,0,0,0,0,0,0,0,0,0,0,1,0,0,0,0,0,1,0,0,1
1,2,-0.7962859910387481,-0.4745451962498395,-0.4736736092984604,-0.1249197866877571,0,-0.5609748304808925,1,0,0,1,0,0,0,0,0,0,0,1,0,0,0,0,0,0,0,0,0,1,0,0,1
0,3,-0.1046374011471275,-0.4745451962498395,-0.4736736092984604,-0.4923778278429006,0,-0.5609748304808925,1,1,1,0,0,0,0,0,0,0,0,0,0,0,1,0,0,0,0,0,0,1,0,0,2
1,3,0.2027619721380371,-0.4745451962498395,-0.4736736092984604,-0.4863374216869257,1,-0.5609748304808925,1,1,0,1,0,0,0,0,0,0,0,0,0,0,1,0,0,0,0,0,0,1,0,0,2
1,1,-0.1046374011471275,-0.4745451962498395,-0.4736736092984604,-0.1138457087351363,1,-0.5609748304808925,1,1,0,1,0,0,0,0,0,0,0,0,0,0,1,0,0,0,0,0,0,1,0,0,2
1,3,-0.1046374011471275,0.4327933656785018,-0.4736736092984604,-0.3242531898349308,0,0.0591598766636176,0,0,0,1,0,0,0,0,0,0,0,0,0,0,0,1,0,0,0,0,0,1,0,0,1
1,2,0.9712604053509488,0.4327933656785018,-0.4736736092984604,-0.1249197866877571,0,0.0591598766636176,0,0,0,1,0,0,0,0,0,0,0,0,0,0,0,1,0,0,0,0,0,0,1,0,1
0,3,-0.9499856776813304,-0.4745451962498395,-0.4736736092984604,-0.5049620073345151,0,-0.5609748304808925,1,1,0,1,0,0,0,0,0,0,0,0,0,0,1,0,0,0,0,0,1,0,0,0,2
0,1,1.5860591519212783,0.4327933656785018,-0.4736736092984604,0.4771073601910807,1,0.0591598766636176,0,1,0,1,0,0,0,0,0,0,0,0,0,0,1,0,0,0,0,0,0,0,1,0,2
1,1,-1.180535207645204,0.4327933656785018,2.008933366495236,1.7677408088510642,1,1.299429290952638,0,0,0,1,0,0,0,0,0,0,0,1,0,0,0,0,0,0,0,0,1,0,0,0,1
0,3,-0.6425863043961658,1.340131927606843,2.008933366495236,0.0437082184998772,0,1.919563998097148,0,0,0,1,0,0,0,0,0,0,0,1,0,0,0,0,0,0,0,0,0,1,0,0,0
1,2,-0.4120367744322922,1.340131927606843,3.250236854392083,-0.2708962687904854,0,2.5396987052416584,0,0,0,1,0,0,0,0,0,0,0,0,0,0,0,1,0,0,0,0,0,1,0,0,0
0,1,2.661956958419355,0.4327933656785018,4.491540342288931,4.647001076532463,1,2.5396987052416584,0,1,0,1,0,0,0,0,0,0,0,0,0,0,1,0,0,0,0,0,0,0,0,1,0
0,2,0.125912128816746,-0.4745451962498395,-0.4736736092984604,-0.4370074380797968,0,-0.5609748304808925,1,1,0,1,0,0,0,0,0,0,0,0,0,0,1,0,0,0,0,0,0,1,0,0,2
1,2,1.2018099353148226,0.4327933656785018,0.7676298785983874,-0.1198861148911113,0,0.6792945838081278,0,0,0,1,0,0,0,0,0,0,0,0,0,0,0,1,0,0,0,0,0,0,1,0,1
0,3,-0.719436147717457,-0.4745451962498395,-0.4736736092984604,-0.45714212526638,0,-0.5609748304808925,1,1,0,1,0,0,0,0,0,0,0,0,0,0,1,0,0,0,0,0,0,1,0,0,2
0,3,-0.335186931111001,0.4327933656785018,-0.4736736092984604,-0.4918744606632361,0,0.0591598766636176,0,1,0,1,0,0,0,0,0,0,0,0,0,0,1,0,0,0,0,0,0,1,0,0,2
1,2,-0.1046374011471275,-0.4745451962498395,-0.4736736092984604,-0.3866707201133388,0,-0.5609748304808925,1,0,0,1,0,0,0,0,0,0,0,0,0,0,0,0,1,0,0,0,0,1,0,0,1
1,3,-0.1046374011471275,-0.4745451962498395,-0.4736736092984604,-0.4850790037377642,0,-0.5609748304808925,1,1,0,1,0,0,0,0,0,0,0,0,0,0,1,0,0,0,0,0,0,1,0,0,2
1,1,-1.949033640858116,-0.4745451962498395,2.008933366495236,0.9997696105865636,1,0.6792945838081278,0,1,0,1,0,0,0,0,0,0,1,0,0,0,0,0,0,0,0,0,0,0,0,0,0
1,2,-1.2573850509664952,-0.4745451962498395,0.7676298785983874,-0.255795253400548,0,0.0591598766636176,0,0,0,1,0,0,0,0,0,0,0,1,0,0,0,0,0,0,0,0,1,0,0,0,1
1,1,0.3564616587806195,-0.4745451962498395,-0.4736736092984604,-0.1138457087351363,0,-0.5609748304808925,1,1,0,1,0,0,0,0,0,0,0,0,0,0,1,0,0,0,0,0,0,1,0,0,2
1,3,-1.8721837975368247,1.340131927606843,0.7676298785983874,-0.2606618072935451,0,1.299429290952638,0,0,0,0,0,0,0,0,0,0,0,1,0,0,0,0,0,0,0,0,0,0,0,0,1
1,1,1.7397588385638607,-0.4745451962498395,-0.4736736092984604,-0.0343136943481327,1,-0.5609748304808925,1,1,0,1,0,0,0,0,0,1,0,0,0,0,0,0,0,0,0,0,0,0,1,0,2
0,2,0.5101613454232019,0.4327933656785018,2.008933366495236,-0.0896840841112365,0,1.299429290952638,0,1,0,1,0,0,0,0,0,0,0,0,0,0,1,0,0,0,0,0,0,0,1,0,2
0,3,-0.1046374011471275,0.4327933656785018,-0.4736736092984604,-0.2463983948905696,0,0.0591598766636176,0,1,0,1,0,0,0,0,0,0,0,0,0,0,1,0,0,0,0,0,0,1,0,0,2
0,1,0.0490622854954548,-0.4745451962498395,-0.4736736092984604,-0.0896840841112365,1,-0.5609748304808925,1,1,0,0,0,0,0,0,0,0,0,0,0,0,1,0,0,0,0,0,0,1,0,0,2
1,1,1.5092093085999871,0.4327933656785018,-0.4736736092984604,1.145663540471827,1,0.0591598766636176,0,1,0,0,0,0,0,0,0,0,0,0,0,0,1,0,0,0,0,0,0,0,1,0,2
0,3,-0.1046374011471275,-0.4745451962498395,-0.4736736092984604,-0.4863374216869257,0,-0.5609748304808925,1,1,0,1,0,0,0,0,0,0,0,0,0,0,1,0,0,0,0,0,0,1,0,0,2
1,3,-0.0277875578258363,-0.4745451962498395,-0.4736736092984604,-0.4894421904510968,0,-0.5609748304808925,1,1,0,0,0,0,0,0,0,0,0,0,0,0,1,0,0,0,0,0,0,1,0,0,2
0,1,2.738806801740646,-0.4745451962498395,-0.4736736092984604,-0.1138457087351363,1,-0.5609748304808925,1,1,0,1,0,0,0,0,0,0,0,0,0,0,1,0,0,0,0,0,0,0,0,1,2
1,1,-0.1046374011471275,0.4327933656785018,-0.4736736092984604,0.395813560675251,1,0.0591598766636176,0,0,0,1,0,0,0,0,0,0,0,0,0,0,0,1,0,0,0,0,0,1,0,0,1
1,2,1.5860591519212783,-0.4745451962498395,-0.4736736092984604,-0.4370074380797968,0,-0.5609748304808925,1,0,0,1,0,0,0,0,0,0,0,1,0,0,0,0,0,0,0,0,0,0,1,0,1
0,3,-0.1046374011471275,-0.4745451962498395,-0.4736736092984604,-0.4923778278429006,0,-0.5609748304808925,1,1,1,0,0,0,0,0,0,0,0,0,0,0,1,0,0,0,0,0,0,1,0,0,2
1,1,1.432359465278696,-0.4745451962498395,-0.4736736092984604,-0.1138457087351363,1,-0.5609748304808925,1,1,0,1,0,0,0,0,0,0,0,0,0,0,1,0,0,0,0,0,0,0,1,0,2
0,3,0.3564616587806195,-0.4745451962498395,-0.4736736092984604,-0.4863374216869257,0,-0.5609748304808925,1,1,0,1,0,0,0,0,0,0,0,0,0,0,1,0,0,0,0,0,0,1,0,0,2
0,1,1.3555096219574048,-0.4745451962498395,-0.4736736092984604,0.1267638031445329,1,-0.5609748304808925,1,1,0,1,0,0,0,0,0,0,0,0,0,0,1,0,0,0,0,0,0,0,1,0,2
0,2,1.432359465278696,-0.4745451962498395,-0.4736736092984604,-0.3866707201133388,0,-0.5609748304808925,1,1,0,1,0,0,0,0,0,0,0,0,0,0,1,0,0,0,0,0,0,0,1,0,2
0,3,-0.1046374011471275,-0.4745451962498395,-0.4736736092984604,-0.4863374216869257,0,-0.5609748304808925,1,1,0,1,0,0,0,0,0,0,0,0,0,0,1,0,0,0,0,0,0,1,0,0,2
0,3,0.6638610320657843,-0.4745451962498395,-0.4736736092984604,-0.5064721088735089,0,-0.5609748304808925,1,1,0,1,0,0,0,0,0,0,0,0,0,0,1,0,0,0,0,0,0,0,1,0,2
0,2,-0.1046374011471275,-0.4745451962498395,-0.4736736092984604,-0.6484216535389205,0,-0.5609748304808925,1,1,0,1,0,0,0,0,0,0,0,0,0,0,1,0,0,0,0,0,0,1,0,0,2
0,1,2.047158211849025,-0.4745451962498395,-0.4736736092984604,-0.1138457087351363,0,-0.5609748304808925,1,1,0,1,0,0,0,0,0,0,0,0,0,0,1,0,0,0,0,0,0,0,1,0,2
0,3,-0.1046374011471275,-0.4745451962498395,-0.4736736092984604,-0.4928811950225652,0,-0.5609748304808925,1,1,1,0,0,0,0,0,0,0,0,0,0,0,1,0,0,0,0,0,0,1,0,0,2
1,3,-2.1987956316523123,1.340131927606843,0.7676298785983874,-0.2606618072935451,0,1.299429290952638,0,0,0,0,0,0,0,0,0,0,0,1,0,0,0,0,0,0,0,0,0,0,0,0,1
0,3,-0.1046374011471275,-0.4745451962498395,-0.4736736092984604,-0.5024451714361923,0,-0.5609748304808925,1,1,0,1,0,0,0,0,0,0,0,0,0,0,1,0,0,0,0,0,0,1,0,0,2
0,3,0.6638610320657843,-0.4745451962498395,-0.4736736092984604,-0.4740049257851434,0,-0.5609748304808925,1,1,0,1,0,0,0,0,0,0,0,0,0,0,1,0,0,0,0,0,0,0,1,0,2
1,2,0.2796118154593283,0.4327933656785018,2.008933366495236,-0.0896840841112365,0,1.299429290952638,0,0,0,1,0,0,0,0,0,0,0,0,0,0,0,1,0,0,0,0,0,1,0,0,1
1,2,-0.4888866177535834,-0.4745451962498395,-0.4736736092984604,-0.3707300882677209,1,-0.5609748304808925,1,0,0,0,0,0,0,0,0,0,0,0,0,0,0,1,0,0,0,0,0,1,0,0,1
0,3,-0.5657364610748746,-0.4745451962498395,-0.4736736092984604,-0.4503466683409082,0,-0.5609748304808925,1,0,0,1,0,0,0,0,0,0,0,1,0,0,0,0,0,0,0,0,0,1,0,0,1
0,1,-0.1046374011471275,-0.4745451962498395,-0.4736736092984604,0.3985820801634062,1,-0.5609748304808925,1,1,0,1,0,0,0,0,0,0,0,0,0,0,1,0,0,0,0,0,0,1,0,0,2
0,2,0.3564616587806195,0.4327933656785018,-0.4736736092984604,-0.2255932226206731,0,0.0591598766636176,0,1,0,1,0,0,0,0,0,0,0,0,0,0,1,0,0,0,0,0,0,1,0,0,2
0,3,-0.0277875578258363,0.4327933656785018,-0.4736736092984604,-0.5065566745596926,0,0.0591598766636176,0,1,0,1,0,0,0,0,0,0,0,0,0,0,1,0,0,0,0,0,0,1,0,0,2
0,3,-0.5657364610748746,-0.4745451962498395,-0.4736736092984604,-0.4969926981460655,0,-0.5609748304808925,1,1,0,1,0,0,0,0,0,0,0,0,0,0,1,0,0,0,0,0,0,1,0,0,2
1,3,-2.1027333275006983,-0.4745451962498395,0.7676298785983874,-0.4010166847337793,0,0.0591598766636176,0,0,0,1,0,0,0,0,0,0,0,1,0,0,0,0,0,0,0,0,0,0,0,0,1
0,3,-1.56478442425166,4.062147613391868,2.008933366495236,0.2958951755118318,0,3.779968119530679,0,1,0,1,0,0,0,0,0,0,1,0,0,0,0,0,0,0,0,0,0,0,0,0,0
0,2,-0.1046374011471275,-0.4745451962498395,-0.4736736092984604,-0.6484216535389205,0,-0.5609748304808925,1,1,0,1,0,0,0,0,0,0,0,0,0,0,1,0,0,0,0,0,0,1,0,0,2
0,3,1.5860591519212783,-0.4745451962498395,-0.4736736092984604,-0.4863374216869257,0,-0.5609748304808925,1,1,0,1,0,0,0,0,0,0,0,0,0,0,1,0,0,0,0,0,0,0,1,0,2
1,3,2.585107115098064,-0.4745451962498395,-0.4736736092984604,-0.455380340137554,0,-0.5609748304808925,1,0,0,1,0,0,0,0,0,0,0,0,0,0,0,1,0,0,0,0,0,0,0,1,1
1,1,-0.335186931111001,0.4327933656785018,-0.4736736092984604,1.1854295476653287,1,0.0591598766636176,0,1,0,0,0,0,0,0,0,0,0,0,0,0,1,0,0,0,0,0,0,1,0,0,2
0,3,-0.1046374011471275,2.247470489535184,0.7676298785983874,-0.1356576153643619,0,1.919563998097148,0,0,0,1,0,0,0,0,0,0,0,1,0,0,0,0,0,0,0,0,0,1,0,0,0
1,1,0.4333115021019107,0.4327933656785018,-0.4736736092984604,1.163700193253568,1,0.0591598766636176,0,0,0,1,0,0,0,0,0,0,0,0,0,0,0,1,0,0,0,0,0,1,0,0,1
0,1,2.200857898491608,-0.4745451962498395,-0.4736736092984604,-0.0504214440973992,1,-0.5609748304808925,1,1,0,0,0,0,0,0,0,0,0,0,0,0,1,0,0,0,0,0,0,0,1,0,2
0,3,0.0490622854954548,-0.4745451962498395,-0.4736736092984604,-0.4863374216869257,0,-0.5609748304808925,1,1,0,1,0,0,0,0,0,0,0,0,0,0,1,0,0,0,0,0,0,1,0,0,2
1,3,-1.56478442425166,0.4327933656785018,0.7676298785983874,-0.3282801272722475,0,0.6792945838081278,0,1,0,1,0,0,0,0,0,0,1,0,0,0,0,0,0,0,0,0,0,0,0,0,0
0,3,-0.1046374011471275,0.4327933656785018,-0.4736736092984604,-0.2463983948905696,0,0.0591598766636176,0,1,0,1,0,0,0,0,0,0,0,0,0,0,1,0,0,0,0,0,0,1,0,0,2
0,3,-0.6425863043961658,-0.4745451962498395,-0.4736736092984604,-0.5024451714361923,0,-0.5609748304808925,1,1,0,1,0,0,0,0,0,0,0,0,0,0,1,0,0,0,0,0,0,1,0,0,2
0,1,1.9703083685277345,-0.4745451962498395,-0.4736736092984604,-0.0343136943481327,1,-0.5609748304808925,1,1,0,1,0,0,0,0,0,0,0,0,0,0,1,0,0,0,0,0,0,0,1,0,2
0,1,3.1999058616683933,-0.4745451962498395,-0.4736736092984604,0.3483299278831318,0,-0.5609748304808925,1,1,0,0,0,0,0,0,0,0,0,0,0,0,1,0,0,0,0,0,0,0,0,1,2
0,3,-0.6425863043961658,-0.4745451962498395,-0.4736736092984604,-0.4863374216869257,0,-0.5609748304808925,1,1,0,1,0,0,0,0,0,0,0,0,0,0,1,0,0,0,0,0,0,1,0,0,2
0,3,-0.1046374011471275,-0.4745451962498395,-0.4736736092984604,-0.3573083057891445,0,-0.5609748304808925,1,1,0,0,0,0,0,0,0,0,0,0,0,0,1,0,0,0,0,0,0,1,0,0,2
1,1,1.893458525206443,0.4327933656785018,-0.4736736092984604,0.9274538680872312,1,0.0591598766636176,0,0,0,0,0,0,0,0,0,0,0,1,0,0,0,0,0,0,0,0,0,0,1,0,1
0,3,-0.1046374011471275,-0.4745451962498395,-0.4736736092984604,-0.3443878770215141,0,-0.5609748304808925,1,1,0,1,0,0,0,0,0,0,0,0,0,0,1,0,0,0,0,0,0,1,0,0,2
0,1,-0.335186931111001,0.4327933656785018,2.008933366495236,2.402990189587765,1,1.299429290952638,0,0,0,1,0,0,0,0,0,0,0,0,0,0,0,1,0,0,0,0,0,1,0,0,1
0,3,-0.4120367744322922,-0.4745451962498395,-0.4736736092984604,-0.4914556591697551,0,-0.5609748304808925,1,1,0,1,0,0,0,0,0,0,0,0,0,0,1,0,0,0,0,0,0,1,0,0,2
0,3,-0.9499856776813304,-0.4745451962498395,-0.4736736092984604,-0.4740049257851434,0,-0.5609748304808925,1,1,0,1,0,0,0,0,0,0,0,0,0,0,1,0,0,0,0,0,1,0,0,0,2
0,3,-0.6425863043961658,-0.4745451962498395,-0.4736736092984604,-0.4923778278429006,0,-0.5609748304808925,1,0,1,0,0,0,0,0,0,0,0,1,0,0,0,0,0,0,0,0,0,1,0,0,1
0,3,-0.1046374011471275,-0.4745451962498395,-0.4736736092984604,-0.4948100980550399,0,-0.5609748304808925,1,0,1,0,0,0,0,0,0,0,0,1,0,0,0,0,0,0,0,0,0,1,0,0,1
0,3,0.5870111887444931,-0.4745451962498395,-0.4736736092984604,-0.455380340137554,0,-0.5609748304808925,1,0,0,1,0,0,0,0,0,0,0,1,0,0,0,0,0,0,0,0,0,0,1,0,1
1,1,-1.0268355210026217,-0.4745451962498395,-0.4736736092984604,1.093228788100527,1,-0.5609748304808925,1,0,0,1,0,0,0,0,0,0,0,1,0,0,0,0,0,0,0,0,1,0,0,0,1
0,1,-0.8731358343600393,0.4327933656785018,-0.4736736092984604,1.5442457810799908,1,0.0591598766636176,0,1,0,0,0,0,0,0,0,0,0,0,0,0,1,0,0,0,0,0,1,0,0,0,2
1,2,0.2796118154593283,-0.4745451962498395,2.008933366495236,-0.1249197866877571,0,0.6792945838081278,0,0,0,1,0,0,0,0,0,0,0,0,0,0,0,1,0,0,0,0,0,1,0,0,1
1,1,-0.1046374011471275,-0.4745451962498395,-0.4736736092984604,-0.1138457087351363,0,-0.5609748304808925,1,1,0,1,0,0,0,0,0,0,0,0,0,0,1,0,0,0,0,0,0,1,0,0,2
0,3,-0.1046374011471275,-0.4745451962498395,-0.4736736092984604,-0.1948878246611338,0,-0.5609748304808925,1,1,0,1,0,0,0,0,0,0,0,0,0,0,1,0,0,0,0,0,0,1,0,0,2
1,3,-0.2583370877897099,-0.4745451962498395,-0.4736736092984604,0.489103606816847,0,-0.5609748304808925,1,1,0,1,0,0,0,0,0,0,0,0,0,0,1,0,0,0,0,0,0,1,0,0,2
1,3,-0.0277875578258363,-0.4745451962498395,-0.4736736092984604,-0.4923778278429006,0,-0.5609748304808925,1,1,1,0,0,0,0,0,0,0,0,0,0,0,1,0,0,0,0,0,0,1,0,0,2
0,3,-0.1046374011471275,-0.4745451962498395,-0.4736736092984604,-0.4863374216869257,0,-0.5609748304808925,1,1,0,1,0,0,0,0,0,0,0,0,0,0,1,0,0,0,0,0,0,1,0,0,2
1,1,0.5101613454232019,-0.4745451962498395,-0.4736736092984604,-0.1191310641216144,1,-0.5609748304808925,1,1,0,1,0,0,0,0,0,0,0,0,0,0,1,0,0,0,0,0,0,0,1,0,2
1,1,1.893458525206443,0.4327933656785018,-0.4736736092984604,0.5475787653441219,0,0.0591598766636176,0,0,0,0,0,0,0,0,0,0,0,0,0,0,0,1,0,0,0,0,0,0,1,0,1
0,3,-0.4120367744322922,-0.4745451962498395,-0.4736736092984604,-0.4974960653257301,0,-0.5609748304808925,1,1,0,1,0,0,0,0,0,0,0,0,0,0,1,0,0,0,0,0,0,1,0,0,2
0,1,1.3555096219574048,-0.4745451962498395,-0.4736736092984604,0.0365765122983894,1,-0.5609748304808925,1,1,0,1,0,0,0,0,0,0,0,0,0,0,1,0,0,0,0,0,0,0,1,0,2
1,2,0.3564616587806195,-0.4745451962498395,-0.4736736092984604,-0.4370074380797968,1,-0.5609748304808925,1,0,0,1,0,0,0,0,0,0,0,0,0,0,0,1,0,0,0,0,0,1,0,0,1
0,3,-0.1046374011471275,-0.4745451962498395,-0.4736736092984604,-0.1621689579829361,0,-0.5609748304808925,1,1,1,0,0,0,0,0,0,0,0,0,0,0,1,0,0,0,0,0,0,1,0,0,2
1,2,0.5101613454232019,0.4327933656785018,-0.4736736092984604,-0.1249197866877571,0,0.0591598766636176,0,0,0,1,0,0,0,0,0,0,0,0,0,0,0,1,0,0,0,0,0,0,1,0,1
0,3,0.2027619721380371,-0.4745451962498395,-0.4736736092984604,-0.4894421904510968,0,-0.5609748304808925,1,1,0,1,0,0,0,0,0,0,0,0,0,0,1,0,0,0,0,0,0,1,0,0,2
1,1,0.0490622854954548,-0.4745451962498395,-0.4736736092984604,1.2341715984066093,1,-0.5609748304808925,1,0,0,1,0,0,0,0,0,0,0,1,0,0,0,0,0,0,0,0,0,1,0,0,1
0,3,-0.5657364610748746,-0.4745451962498395,-0.4736736092984604,-0.4894421904510968,0,-0.5609748304808925,1,1,0,1,0,0,0,0,0,0,0,0,0,0,1,0,0,0,0,0,0,1,0,0,2
0,3,-0.1046374011471275,-0.4745451962498395,-0.4736736092984604,-0.5029485386158568,0,-0.5609748304808925,1,1,0,0,0,0,0,0,0,0,0,0,0,0,1,0,0,0,0,0,0,1,0,0,2
1,1,1.1249600919935314,-0.4745451962498395,0.7676298785983874,0.5189714017894245,1,0.0591598766636176,0,0,0,0,0,0,0,0,0,0,0,0,0,0,0,1,0,0,0,0,0,0,1,0,1
0,3,-0.1046374011471275,-0.4745451962498395,-0.4736736092984604,-0.5028639729296732,0,-0.5609748304808925,1,1,0,0,0,0,0,0,0,0,0,0,0,0,1,0,0,0,0,0,0,1,0,0,2
0,3,0.8559856403690123,-0.4745451962498395,-0.4736736092984604,-0.4923778278429006,0,-0.5609748304808925,1,1,1,0,0,0,0,0,0,0,0,0,0,0,1,0,0,0,0,0,0,0,1,0,2
1,2,1.5860591519212783,-0.4745451962498395,-0.4736736092984604,-0.4370074380797968,0,-0.5609748304808925,1,0,0,1,0,0,0,0,0,0,0,1,0,0,0,0,0,0,0,0,0,0,1,0,1
0,1,-0.1046374011471275,-0.4745451962498395,-0.4736736092984604,3.817033162951754,1,-0.5609748304808925,1,1,0,1,0,0,0,0,0,0,0,0,0,0,1,0,0,0,0,0,0,1,0,0,2
0,3,0.7407108753870755,-0.4745451962498395,-0.4736736092984604,-0.4888542575852486,0,-0.5609748304808925,1,1,0,1,0,0,0,0,0,0,0,0,0,0,1,0,0,0,0,0,0,0,1,0,2
0,2,-0.4888866177535834,1.340131927606843,0.7676298785983874,-0.4168727508932136,0,1.299429290952638,0,1,0,1,0,0,0,0,0,0,0,0,0,0,1,0,0,0,0,0,0,1,0,0,2
1,2,-2.1027333275006983,0.4327933656785018,0.7676298785983874,-0.1249197866877571,0,0.6792945838081278,0,0,0,1,0,0,0,0,0,0,0,1,0,0,0,0,0,0,0,0,0,0,0,0,1
0,3,-0.1046374011471275,-0.4745451962498395,-0.4736736092984604,-0.5028639729296732,0,-0.5609748304808925,1,1,0,0,0,0,0,0,0,0,0,0,0,0,1,0,0,0,0,0,0,1,0,0,2
0,3,-0.9499856776813304,0.4327933656785018,0.7676298785983874,-0.5028639729296732,0,0.6792945838081278,0,1,0,0,0,0,0,0,0,0,0,0,0,0,1,0,0,0,0,0,1,0,0,0,2
1,3,-0.1046374011471275,-0.4745451962498395,2.008933366495236,-0.1982442770151372,0,0.6792945838081278,0,0,0,0,0,0,0,0,0,0,0,0,0,0,0,1,0,0,0,0,0,1,0,0,1
0,3,0.0490622854954548,-0.4745451962498395,-0.4736736092984604,-0.4740049257851434,0,-0.5609748304808925,1,0,0,1,0,0,0,0,0,0,0,1,0,0,0,0,0,0,0,0,0,1,0,0,1
1,2,-1.7184841108942424,-0.4745451962498395,2.008933366495236,-0.1198861148911113,0,0.6792945838081278,0,0,0,1,0,0,0,0,0,0,0,1,0,0,0,0,0,0,0,0,0,0,0,0,1
0,1,1.2018099353148226,-0.4745451962498395,-0.4736736092984604,-0.1138457087351363,1,-0.5609748304808925,1,1,0,1,0,0,0,0,0,1,0,0,0,0,0,0,0,0,0,0,0,0,1,0,2
1,1,0.0490622854954548,-0.4745451962498395,-0.4736736092984604,1.4944124302931971,0,-0.5609748304808925,1,0,0,0,0,0,0,0,0,0,0,1,0,0,0,0,0,0,0,0,0,1,0,0,1
0,3,-0.1046374011471275,-0.4745451962498395,-0.4736736092984604,-0.356468689333464,0,-0.5609748304808925,1,1,0,1,0,0,0,0,0,0,0,0,0,0,1,0,0,0,0,0,0,1,0,0,2
1,1,-0.5657364610748746,-0.4745451962498395,2.008933366495236,0.3482453621969482,1,0.6792945838081278,0,0,0,0,0,0,0,0,0,0,0,1,0,0,0,0,0,0,0,0,0,1,0,0,1
1,1,0.5101613454232019,-0.4745451962498395,2.008933366495236,0.7811411367084872,1,0.6792945838081278,0,0,0,1,0,0,0,0,0,0,0,1,0,0,0,0,0,0,0,0,0,0,1,0,1
0,3,-1.56478442425166,3.1548090514635256,2.008933366495236,-0.0187093117785307,0,3.1598334123861687,0,0,0,1,0,0,0,0,0,0,0,1,0,0,0,0,0,0,0,0,0,0,0,0,0
0,3,-1.4110847376090776,3.1548090514635256,2.008933366495236,-0.0187093117785307,0,3.1598334123861687,0,0,0,1,0,0,0,0,0,0,0,1,0,0,0,0,0,0,0,0,0,0,0,0,0
1,2,0.2027619721380371,0.4327933656785018,-0.4736736092984604,-0.1249197866877571,0,0.0591598766636176,0,1,0,1,0,0,0,0,0,0,0,0,0,0,1,0,0,0,0,0,0,1,0,0,2
0,1,1.5860591519212783,0.4327933656785018,-0.4736736092984604,1.4944124302931971,1,0.0591598766636176,0,1,0,0,0,0,0,0,0,0,0,0,0,0,1,0,0,0,0,0,0,0,1,0,2
0,1,2.661956958419355,-0.4745451962498395,-0.4736736092984604,-0.1249197866877571,0,-0.5609748304808925,1,1,0,1,0,0,0,0,0,0,0,0,0,0,1,0,0,0,0,0,0,0,0,1,2
1,2,-0.7962859910387481,0.4327933656785018,-0.4736736092984604,-0.1249197866877571,0,0.0591598766636176,0,0,0,1,0,0,0,0,0,0,0,0,0,0,0,1,0,0,0,0,0,1,0,0,1
1,2,-0.1046374011471275,-0.4745451962498395,-0.4736736092984604,-0.3693045524149108,0,-0.5609748304808925,1,1,0,0,0,0,0,0,0,0,0,0,0,0,1,0,0,0,0,0,0,1,0,0,2
0,3,0.2796118154593283,0.4327933656785018,0.7676298785983874,-0.2351571990343002,0,0.6792945838081278,0,1,0,1,0,0,0,0,0,0,0,0,0,0,1,0,0,0,0,0,0,1,0,0,2
1,2,-1.6416342675729512,0.4327933656785018,0.7676298785983874,0.0915281005680123,0,0.6792945838081278,0,1,0,1,0,0,0,0,0,0,1,0,0,0,0,0,0,0,0,0,0,0,0,0,0
1,1,-0.9499856776813304,-0.4745451962498395,2.008933366495236,1.5841789061771412,1,0.6792945838081278,0,1,0,0,0,0,0,0,0,0,0,0,0,0,1,0,0,0,0,0,1,0,0,0,2
0,2,-0.1814872444684187,-0.4745451962498395,-0.4736736092984604,-0.1249197866877571,0,-0.5609748304808925,1,1,0,1,0,0,0,0,0,0,0,0,0,0,1,0,0,0,0,0,0,1,0,0,2
0,3,-0.1046374011471275,-0.4745451962498395,-0.4736736092984604,-0.4907831606177232,0,-0.5609748304808925,1,1,1,0,0,0,0,0,0,0,0,0,0,0,1,0,0,0,0,0,0,1,0,0,2
1,3,-0.5657364610748746,-0.4745451962498395,-0.4736736092984604,-0.5029485386158568,0,-0.5609748304808925,1,1,0,0,0,0,0,0,0,0,0,0,0,0,1,0,0,0,0,0,0,1,0,0,2
1,3,-0.5657364610748746,-0.4745451962498395,-0.4736736092984604,-0.4918744606632361,0,-0.5609748304808925,1,0,0,1,0,0,0,0,0,0,0,1,0,0,0,0,0,0,0,0,0,1,0,0,1
0,1,2.5082572717767726,-0.4745451962498395,-0.4736736092984604,-0.1138457087351363,0,-0.5609748304808925,1,1,0,1,0,0,0,0,0,0,0,0,0,0,1,0,0,0,0,0,0,0,0,1,2
1,1,1.432359465278696,0.4327933656785018,-0.4736736092984604,0.1489119590497745,1,0.0591598766636176,0,0,0,0,0,0,0,0,1,0,0,0,0,0,0,0,0,0,0,0,0,0,1,0,1
0,1,-0.1046374011471275,-0.4745451962498395,-0.4736736092984604,3.9327230485884233,0,-0.5609748304808925,1,1,0,0,0,0,0,0,0,0,0,0,0,0,1,0,0,0,0,0,0,1,0,0,2
1,1,0.7407108753870755,0.4327933656785018,0.7676298785983874,0.955306180872432,1,0.6792945838081278,0,0,0,1,0,0,0,0,0,0,0,0,0,0,0,1,0,0,0,0,0,0,1,0,1
1,3,0.5101613454232019,0.4327933656785018,-0.4736736092984604,-0.2980780964923727,0,0.0591598766636176,0,0,0,1,0,0,0,0,0,0,0,0,0,0,0,1,0,0,0,0,0,0,1,0,1
0,3,-0.1046374011471275,-0.4745451962498395,-0.4736736092984604,-0.4923778278429006,0,-0.5609748304808925,1,1,1,0,0,0,0,0,0,0,0,0,0,0,1,0,0,0,0,0,0,1,0,0,2
0,3,0.8175607187083667,-0.4745451962498395,-0.4736736092984604,-0.4894421904510968,0,-0.5609748304808925,1,1,0,1,0,0,0,0,0,0,0,0,0,0,1,0,0,0,0,0,0,0,1,0,2
0,2,-0.1046374011471275,-0.4745451962498395,-0.4736736092984604,-0.3766033765200472,0,-0.5609748304808925,1,1,0,1,0,0,0,0,0,0,0,0,0,0,1,0,0,0,0,0,0,1,0,0,2
0,3,-0.1046374011471275,-0.4745451962498395,-0.4736736092984604,-0.4863374216869257,0,-0.5609748304808925,1,1,0,1,0,0,0,0,0,0,0,0,0,0,1,0,0,0,0,0,0,1,0,0,2
0,3,-0.1046374011471275,-0.4745451962498395,-0.4736736092984604,-0.4863374216869257,0,-0.5609748304808925,1,0,0,1,0,0,0,0,0,0,0,1,0,0,0,0,0,0,0,0,0,1,0,0,1
0,3,-0.4120367744322922,1.340131927606843,-0.4736736092984604,-0.1621689579829361,0,0.6792945838081278,0,1,0,1,0,0,0,0,0,0,0,0,0,0,1,0,0,0,0,0,0,1,0,0,2
0,3,-0.7962859910387481,-0.4745451962498395,-0.4736736092984604,-0.4894421904510968,0,-0.5609748304808925,1,1,0,1,0,0,0,0,0,0,0,0,0,0,1,0,0,0,0,0,0,1,0,0,2
0,3,-0.0277875578258363,-0.4745451962498395,4.491540342288931,-0.2240831210816794,0,1.919563998097148,0,0,0,1,0,0,0,0,0,0,0,0,0,0,0,1,0,0,0,0,0,1,0,0,0
0,3,-0.1046374011471275,-0.4745451962498395,-0.4736736092984604,-0.5028639729296732,0,-0.5609748304808925,1,1,0,0,0,0,0,0,0,0,0,0,0,0,1,0,0,0,0,0,0,1,0,0,2
1,3,0.2027619721380371,-0.4745451962498395,-0.4736736092984604,-0.4902797934380587,0,-0.5609748304808925,1,1,0,1,0,0,0,0,0,0,0,0,0,0,1,0,0,0,0,0,0,1,0,0,2
1,2,2.5082572717767726,-0.4745451962498395,-0.4736736092984604,-0.4370074380797968,0,-0.5609748304808925,1,1,0,1,0,0,0,0,0,0,0,0,0,0,1,0,0,0,0,0,0,0,0,1,2
1,1,1.816608681885152,1.340131927606843,-0.4736736092984604,0.3880959350766336,1,0.6792945838081278,0,0,0,1,0,0,0,0,0,0,0,0,0,0,0,1,0,0,0,0,0,0,1,0,1
1,1,0.5101613454232019,-0.4745451962498395,-0.4736736092984604,-0.1171175954029561,1,-0.5609748304808925,1,1,0,1,0,0,0,0,0,0,0,0,0,0,1,0,0,0,0,0,0,0,1,0,2
1,3,-0.1046374011471275,-0.4745451962498395,-0.4736736092984604,-0.4923778278429006,0,-0.5609748304808925,1,0,1,0,0,0,0,0,0,0,0,1,0,0,0,0,0,0,0,0,0,1,0,0,1
0,3,-1.0268355210026217,-0.4745451962498395,-0.4736736092984604,-0.4863374216869257,0,-0.5609748304808925,1,1,0,1,0,0,0,0,0,0,0,0,0,0,1,0,0,0,0,0,1,0,0,0,2
0,3,-0.7962859910387481,-0.4745451962498395,-0.4736736092984604,-0.356468689333464,0,-0.5609748304808925,1,1,0,1,0,0,0,0,0,0,0,0,0,0,1,0,0,0,0,0,0,1,0,0,2
1,2,0.3564616587806195,-0.4745451962498395,-0.4736736092984604,-0.3866707201133388,0,-0.5609748304808925,1,0,0,1,0,0,0,0,0,0,0,1,0,0,0,0,0,0,0,0,0,1,0,0,1
1,1,0.7407108753870755,0.4327933656785018,-0.4736736092984604,0.4771073601910807,1,0.0591598766636176,0,0,0,1,0,0,0,0,0,0,0,0,0,0,0,1,0,0,0,0,0,0,1,0,1
0,3,-0.1046374011471275,0.4327933656785018,-0.4736736092984604,-0.3573083057891445,0,0.0591598766636176,0,0,0,0,0,0,0,0,0,0,0,0,0,0,0,1,0,0,0,0,0,1,0,0,1
1,3,0.2027619721380371,-0.4745451962498395,-0.4736736092984604,-0.4888542575852486,0,-0.5609748304808925,1,1,0,1,0,0,0,0,0,0,0,0,0,0,1,0,0,0,0,0,0,1,0,0,2
1,2,-0.335186931111001,0.4327933656785018,0.7676298785983874,-0.0443810379414243,0,0.6792945838081278,0,0,0,1,0,0,0,0,0,0,0,1,0,0,0,0,0,0,0,0,0,1,0,0,1
1,1,0.7407108753870755,0.4327933656785018,0.7676298785983874,1.5841789061771412,1,0.6792945838081278,0,0,0,0,0,0,0,0,0,0,0,0,0,0,0,1,0,0,0,0,0,0,1,0,1
0,2,1.893458525206443,-0.4745451962498395,-0.4736736092984604,-0.1249197866877571,0,-0.5609748304808925,1,1,0,1,0,0,0,0,0,0,0,0,0,0,1,0,0,0,0,0,0,0,1,0,2
0,1,0.5101613454232019,-0.4745451962498395,-0.4736736092984604,0.1594826698227306,1,-0.5609748304808925,1,1,0,0,0,0,0,0,0,0,0,0,0,0,1,0,0,0,0,0,0,0,1,0,2
0,3,-0.1046374011471275,-0.4745451962498395,-0.4736736092984604,-0.4729981914258143,0,-0.5609748304808925,1,1,0,0,0,0,0,0,0,0,0,0,0,0,1,0,0,0,0,0,0,1,0,0,2
1,1,-0.8731358343600393,-0.4745451962498395,2.008933366495236,0.955306180872432,1,0.6792945838081278,0,0,0,1,0,0,0,0,0,0,0,1,0,0,0,0,0,0,0,0,1,0,0,0,1
0,2,1.3555096219574048,-0.4745451962498395,-0.4736736092984604,-0.3464013457401724,0,-0.5609748304808925,1,1,0,1,0,0,0,0,0,0,0,0,0,0,1,0,0,0,0,0,0,0,1,0,2
1,1,2.3545575851341902,0.4327933656785018,0.7676298785983874,0.9462455716384696,1,0.6792945838081278,0,1,0,0,0,0,0,0,0,0,0,0,0,0,1,0,0,0,0,0,0,0,1,0,2
0,3,-0.5657364610748746,-0.4745451962498395,-0.4736736092984604,-0.4863374216869257,0,-0.5609748304808925,1,1,0,1,0,0,0,0,0,0,0,0,0,0,1,0,0,0,0,0,0,1,0,0,2
0,3,-0.1046374011471275,-0.4745451962498395,-0.4736736092984604,-0.4863374216869257,0,-0.5609748304808925,1,1,0,1,0,0,0,0,0,0,0,0,0,0,1,0,0,0,0,0,0,1,0,0,2
0,3,0.4333115021019107,-0.4745451962498395,-0.4736736092984604,-0.5049620073345151,0,-0.5609748304808925,1,1,0,1,0,0,0,0,0,0,0,0,0,0,1,0,0,0,0,0,0,1,0,0,2
1,1,1.7397588385638607,0.4327933656785018,-0.4736736092984604,0.9274538680872312,1,0.0591598766636176,0,0,0,0,0,0,0,0,0,0,0,0,0,0,0,1,0,0,0,0,0,0,1,0,1
0,3,1.3555096219574048,-0.4745451962498395,-0.4736736092984604,-0.5024451714361923,0,-0.5609748304808925,1,1,0,1,0,0,0,0,0,0,0,0,0,0,1,0,0,0,0,0,0,0,1,0,2
0,3,-0.1046374011471275,-0.4745451962498395,2.008933366495236,-0.4923778278429006,0,0.6792945838081278,0,0,1,0,0,0,0,0,0,0,0,1,0,0,0,0,0,0,0,0,0,1,0,0,1
0,2,0.5870111887444931,0.4327933656785018,-0.4736736092984604,-0.1249197866877571,0,0.0591598766636176,0,1,0,1,0,0,0,0,0,0,0,0,0,0,1,0,0,0,0,0,0,0,1,0,2
0,3,0.5101613454232019,0.4327933656785018,0.7676298785983874,-0.1621689579829361,0,0.6792945838081278,0,1,0,1,0,0,0,0,0,0,0,0,0,0,1,0,0,0,0,0,0,0,1,0,2
1,2,-0.1046374011471275,-0.4745451962498395,-0.4736736092984604,0.0160230236183252,0,-0.5609748304808925,1,0,0,1,0,0,0,0,0,0,0,1,0,0,0,0,0,0,0,0,0,1,0,0,1
0,3,1.5092093085999871,-0.4745451962498395,-0.4736736092984604,-0.6484216535389205,0,-0.5609748304808925,1,1,0,1,0,0,0,0,0,0,0,0,0,0,1,0,0,0,0,0,0,0,1,0,2
0,3,-0.1046374011471275,-0.4745451962498395,-0.4736736092984604,-0.5029485386158568,0,-0.5609748304808925,1,1,0,0,0,0,0,0,0,0,0,0,0,0,1,0,0,0,0,0,0,1,0,0,2
1,1,1.5092093085999871,0.4327933656785018,-0.4736736092984604,0.4978299802435121,1,0.0591598766636176,0,1,0,0,0,0,0,0,0,0,0,0,0,0,0,0,0,0,1,0,0,0,1,0,2
1,2,-0.4120367744322922,1.340131927606843,0.7676298785983874,-0.1047850995011739,0,1.299429290952638,0,0,0,1,0,0,0,0,0,0,0,0,0,0,0,1,0,0,0,0,0,1,0,0,1
0,3,-0.1046374011471275,-0.4745451962498395,-0.4736736092984604,-0.4894421904510968,0,-0.5609748304808925,1,1,0,1,0,0,0,0,0,0,0,0,0,0,1,0,0,0,0,0,0,1,0,0,2
0,1,-0.1046374011471275,-0.4745451962498395,-0.4736736092984604,0.2052890831722074,0,-0.5609748304808925,1,1,0,1,0,0,0,0,0,0,0,0,0,0,1,0,0,0,0,0,0,1,0,0,2
0,3,1.1249600919935314,-0.4745451962498395,-0.4736736092984604,-0.4863374216869257,0,-0.5609748304808925,1,1,0,1,0,0,0,0,0,0,0,0,0,0,1,0,0,0,0,0,0,0,1,0,2
1,1,0.4333115021019107,-0.4745451962498395,-0.4736736092984604,-0.1138457087351363,0,-0.5609748304808925,1,1,0,0,0,0,0,0,0,0,0,0,0,0,1,0,0,0,0,0,0,1,0,0,2
0,3,0.5101613454232019,0.4327933656785018,-0.4736736092984604,-0.3353272677875516,0,0.0591598766636176,0,1,0,1,0,0,0,0,0,0,0,0,0,0,1,0,0,0,0,0,0,0,1,0,2
0,3,0.0490622854954548,-0.4745451962498395,-0.4736736092984604,-0.4894421904510968,0,-0.5609748304808925,1,1,0,1,0,0,0,0,0,0,0,0,0,0,1,0,0,0,0,0,0,1,0,0,2
1,1,-0.1814872444684187,-0.4745451962498395,-0.4736736092984604,-0.0343136943481327,0,-0.5609748304808925,1,1,0,1,0,0,0,0,0,0,0,0,0,0,1,0,0,0,0,0,0,1,0,0,2
1,2,-0.5657364610748746,0.4327933656785018,2.008933366495236,0.1887625319294599,0,1.299429290952638,0,0,0,0,0,0,0,0,0,0,0,0,0,0,0,1,0,0,0,0,0,1,0,0,1
1,1,0.8175607187083667,-0.4745451962498395,-0.4736736092984604,2.441497778832105,1,-0.5609748304808925,1,0,0,1,0,0,0,0,0,0,0,1,0,0,0,0,0,0,0,0,0,0,1,0,1
0,3,0.7407108753870755,0.4327933656785018,5.73284383018578,-0.0187093117785307,0,3.1598334123861687,0,0,0,1,0,0,0,0,0,0,0,0,0,0,0,1,0,0,0,0,0,0,1,0,0
0,3,-0.1046374011471275,-0.4745451962498395,-0.4736736092984604,-0.5064721088735089,0,-0.5609748304808925,1,1,0,1,0,0,0,0,0,0,0,0,0,0,1,0,0,0,0,0,0,1,0,0,2
1,3,-0.1046374011471275,0.4327933656785018,-0.4736736092984604,-0.3363340021468808,0,0.0591598766636176,0,0,1,0,0,0,0,0,0,0,0,1,0,0,0,0,0,0,0,0,0,1,0,0,1
0,3,-0.1046374011471275,-0.4745451962498395,-0.4736736092984604,-0.4923778278429006,0,-0.5609748304808925,1,1,1,0,0,0,0,0,0,0,0,0,0,0,1,0,0,0,0,0,0,1,0,0,2
0,3,0.4333115021019107,-0.4745451962498395,-0.4736736092984604,-0.4863374216869257,0,-0.5609748304808925,1,1,0,1,0,0,0,0,0,0,0,0,0,0,1,0,0,0,0,0,0,1,0,0,2
1,2,-0.4120367744322922,0.4327933656785018,2.008933366495236,0.6603330135889879,0,1.299429290952638,0,0,0,1,0,0,0,0,0,0,0,1,0,0,0,0,0,0,0,0,0,1,0,0,1
0,3,0.3564616587806195,0.4327933656785018,0.7676298785983874,-0.3584821580521223,0,0.6792945838081278,0,1,0,1,0,0,0,0,0,0,0,0,0,0,1,0,0,0,0,0,0,1,0,0,2
0,3,-0.2583370877897099,0.4327933656785018,-0.4736736092984604,-0.3242531898349308,0,0.0591598766636176,0,0,0,1,0,0,0,0,0,0,0,0,0,0,0,1,0,0,0,0,0,1,0,0,1
1,2,-1.949033640858116,1.340131927606843,0.7676298785983874,0.1368311467378245,1,1.299429290952638,0,0,0,1,0,0,0,0,0,0,0,1,0,0,0,0,0,0,0,0,0,0,0,0,1
0,2,-0.2583370877897099,-0.4745451962498395,-0.4736736092984604,-0.4370074380797968,0,-0.5609748304808925,1,1,0,1,0,0,0,0,0,0,0,0,0,0,1,0,0,0,0,0,0,1,0,0,2
0,3,-0.1814872444684187,0.4327933656785018,-0.4736736092984604,-0.3573908580066095,0,0.0591598766636176,0,1,0,0,0,0,0,0,0,0,0,0,0,0,1,0,0,0,0,0,0,1,0,0,2
1,1,0.9712604053509488,0.4327933656785018,-0.4736736092984604,0.4097407238022106,1,0.0591598766636176,0,1,0,1,0,0,0,0,0,0,0,0,0,0,1,0,0,0,0,0,0,0,1,0,2
1,3,-0.719436147717457,0.4327933656785018,0.7676298785983874,-0.3314674482538836,0,0.6792945838081278,0,1,0,0,0,0,0,0,0,0,0,0,0,0,1,0,0,0,0,0,0,1,0,0,2
0,3,-0.6425863043961658,-0.4745451962498395,-0.4736736092984604,-0.4902797934380587,0,-0.5609748304808925,1,1,0,1,0,0,0,0,0,0,0,0,0,0,1,0,0,0,0,0,0,1,0,0,2
0,3,-0.6425863043961658,-0.4745451962498395,-0.4736736092984604,-0.3242531898349308,0,-0.5609748304808925,1,1,0,1,0,0,0,0,0,0,0,0,0,0,1,0,0,0,0,0,0,1,0,0,2
0,1,2.4314074284554814,-0.4745451962498395,-0.4736736092984604,0.0023475440811979,1,-0.5609748304808925,1,1,0,1,0,0,0,0,0,0,0,0,0,0,1,0,0,0,0,0,0,0,0,1,2
0,2,2.1240080551703167,-0.4745451962498395,-0.4736736092984604,-0.3997582667846179,0,-0.5609748304808925,1,1,1,0,0,0,0,0,0,0,0,0,0,0,0,0,0,1,0,0,0,0,1,0,2
1,1,-0.6425863043961658,-0.4745451962498395,-0.4736736092984604,0.921244330558889,1,-0.5609748304808925,1,0,0,1,0,0,0,0,0,0,0,1,0,0,0,0,0,0,0,0,0,1,0,0,1
0,3,-0.2583370877897099,-0.4745451962498395,-0.4736736092984604,-0.4894421904510968,0,-0.5609748304808925,1,1,0,1,0,0,0,0,0,0,0,0,0,0,1,0,0,0,0,0,0,1,0,0,2
0,3,-0.1046374011471275,-0.4745451962498395,-0.4736736092984604,-0.4927140771189165,0,-0.5609748304808925,1,1,1,0,0,0,0,0,0,0,0,0,0,0,1,0,0,0,0,0,0,1,0,0,2
1,1,3.8915544515600136,-0.4745451962498395,-0.4736736092984604,-0.0443810379414243,1,-0.5609748304808925,1,1,0,1,0,0,0,0,0,0,0,0,0,0,1,0,0,0,0,0,0,0,0,1,2
0,3,1.6629089952425695,-0.4745451962498395,-0.4736736092984604,-0.5063875431873253,0,-0.5609748304808925,1,1,0,1,0,0,0,0,0,0,0,0,0,0,1,0,0,0,0,0,0,0,1,0,2
1,1,0.2027619721380371,-0.4745451962498395,-0.4736736092984604,-0.0343136943481327,1,-0.5609748304808925,1,1,0,0,0,0,1,0,0,0,0,0,0,0,0,0,0,0,0,0,0,1,0,0,2
0,1,-0.1046374011471275,-0.4745451962498395,-0.4736736092984604,-0.6484216535389205,0,-0.5609748304808925,1,1,0,1,0,0,0,0,0,0,0,0,0,0,1,0,0,0,0,0,0,1,0,0,2
0,3,-1.56478442425166,2.247470489535184,2.008933366495236,-0.086663881033249,0,2.5396987052416584,0,0,0,1,0,0,0,0,0,0,0,1,0,0,0,0,0,0,0,0,0,0,0,0,0
1,2,-0.1046374011471275,-0.4745451962498395,-0.4736736092984604,-0.3866707201133388,0,-0.5609748304808925,1,0,0,1,0,0,0,0,0,0,0,1,0,0,0,0,0,0,0,0,0,1,0,0,1
0,3,0.2027619721380371,-0.4745451962498395,-0.4736736092984604,-0.4888542575852486,0,-0.5609748304808925,1,1,0,1,0,0,0,0,0,0,0,0,0,0,1,0,0,0,0,0,0,1,0,0,2
0,2,0.125912128816746,0.4327933656785018,0.7676298785983874,-0.1198861148911113,0,0.6792945838081278,0,1,0,1,0,0,0,0,0,0,0,0,0,0,1,0,0,0,0,0,0,1,0,0,2
0,3,0.8944105620296577,-0.4745451962498395,5.73284383018578,0.1506737441786005,0,2.5396987052416584,0,0,0,1,0,0,0,0,0,0,0,0,0,0,0,1,0,0,0,0,0,0,1,0,0
0,3,-0.1046374011471275,0.4327933656785018,-0.4736736092984604,-0.3242531898349308,0,0.0591598766636176,0,1,0,1,0,0,0,0,0,0,0,0,0,0,1,0,0,0,0,0,0,1,0,0,2
0,3,-0.719436147717457,-0.4745451962498395,-0.4736736092984604,-0.4902797934380587,0,-0.5609748304808925,1,1,0,1,0,0,0,0,0,0,0,0,0,0,1,0,0,0,0,0,0,1,0,0,2
1,1,-0.4120367744322922,-0.4745451962498395,-0.4736736092984604,0.7469121684912956,1,-0.5609748304808925,1,0,0,0,0,0,0,0,0,0,0,0,1,0,0,0,0,0,0,0,0,1,0,0,1
0,3,-2.1027333275006983,2.247470489535184,2.008933366495236,-0.086663881033249,0,2.5396987052416584,0,0,0,1,0,0,0,0,0,0,0,1,0,0,0,0,0,0,0,0,0,0,0,0,0
1,3,-0.1046374011471275,-0.4745451962498395,-0.4736736092984604,0.489103606816847,0,-0.5609748304808925,1,1,0,1,0,0,0,0,0,0,0,0,0,0,1,0,0,0,0,0,0,1,0,0,2
1,3,-2.1987956316523123,1.340131927606843,0.7676298785983874,-0.2606618072935451,0,1.299429290952638,0,0,0,0,0,0,0,0,0,0,0,1,0,0,0,0,0,0,0,0,0,0,0,0,1
1,1,1.432359465278696,0.4327933656785018,-0.4736736092984604,0.8964967865378598,1,0.0591598766636176,0,1,0,0,0,0,0,0,0,0,0,0,0,0,1,0,0,0,0,0,0,0,1,0,2
0,3,-0.7962859910387481,-0.4745451962498395,-0.4736736092984604,-0.4894421904510968,0,-0.5609748304808925,1,1,0,1,0,0,0,0,0,0,0,0,0,0,1,0,0,0,0,0,0,1,0,0,2
1,1,2.047158211849025,-0.4745451962498395,-0.4736736092984604,0.0663597415847833,1,-0.5609748304808925,1,1,0,0,1,0,0,0,0,0,0,0,0,0,0,0,0,0,0,0,0,0,1,0,2
0,3,-0.1046374011471275,-0.4745451962498395,-0.4736736092984604,-0.4964047652802172,0,-0.5609748304808925,1,1,0,1,0,0,0,0,0,0,0,0,0,0,1,0,0,0,0,0,0,1,0,0,2
1,3,-0.4888866177535834,-0.4745451962498395,-0.4736736092984604,-0.4964047652802172,0,-0.5609748304808925,1,0,0,1,0,0,0,0,0,0,0,1,0,0,0,0,0,0,0,0,0,1,0,0,1
0,3,-0.1046374011471275,-0.4745451962498395,-0.4736736092984604,-0.4894421904510968,0,-0.5609748304808925,1,1,0,1,0,0,0,0,0,0,0,0,0,0,1,0,0,0,0,0,0,1,0,0,2
1,2,-0.8731358343600393,-0.4745451962498395,0.7676298785983874,-0.1853238482475067,0,0.0591598766636176,0,0,0,1,0,0,0,0,0,0,0,1,0,0,0,0,0,0,0,0,1,0,0,0,1
0,3,-0.6425863043961658,-0.4745451962498395,-0.4736736092984604,-0.4786197960883083,0,-0.5609748304808925,1,1,0,1,0,0,0,0,0,0,0,0,0,0,1,0,0,0,0,0,0,1,0,0,2
1,3,-0.1046374011471275,-0.4745451962498395,-0.4736736092984604,-0.4907831606177232,0,-0.5609748304808925,1,0,1,0,0,0,0,0,0,0,0,1,0,0,0,0,0,0,0,0,0,1,0,0,1
0,3,-0.8731358343600393,-0.4745451962498395,-0.4736736092984604,-0.5125125150294839,0,-0.5609748304808925,1,0,1,0,0,0,0,0,0,0,0,1,0,0,0,0,0,0,0,0,1,0,0,0,1
0,2,-0.4120367744322922,1.340131927606843,-0.4736736092984604,0.8314778546749452,0,0.6792945838081278,0,1,0,1,0,0,0,0,0,0,0,0,0,0,1,0,0,0,0,0,0,1,0,0,2
0,3,-0.1046374011471275,-0.4745451962498395,-0.4736736092984604,-0.4894421904510968,0,-0.5609748304808925,1,1,0,1,0,0,0,0,0,0,0,0,0,0,1,0,0,0,0,0,0,1,0,0,2
0,3,0.2027619721380371,0.4327933656785018,0.7676298785983874,-0.3363340021468808,0,0.6792945838081278,0,0,1,0,0,0,0,0,0,0,0,0,0,0,0,1,0,0,0,0,0,1,0,0,1
0,2,-0.4888866177535834,-0.4745451962498395,-0.4736736092984604,-0.3866707201133388,0,-0.5609748304808925,1,1,0,1,0,0,0,0,0,0,0,0,0,0,1,0,0,0,0,0,0,1,0,0,2
0,1,2.200857898491608,-0.4745451962498395,2.008933366495236,1.6323350375212924,1,0.6792945838081278,0,1,0,0,0,0,0,0,0,0,0,0,0,0,1,0,0,0,0,0,0,0,1,0,2
1,1,1.5860591519212783,1.340131927606843,-0.4736736092984604,2.042579288947925,0,0.6792945838081278,0,1,0,1,0,0,1,0,0,0,0,0,0,0,0,0,0,0,0,0,0,0,1,0,2
0,3,0.8175607187083667,-0.4745451962498395,-0.4736736092984604,-0.5029485386158568,0,-0.5609748304808925,1,1,0,0,0,0,0,0,0,0,0,0,0,0,1,0,0,0,0,0,0,0,1,0,2
0,1,1.3555096219574048,-0.4745451962498395,-0.4736736092984604,-0.1332253451522227,1,-0.5609748304808925,1,1,0,1,0,0,0,0,0,0,0,0,0,0,1,0,0,0,0,0,0,0,1,0,2
0,3,0.5101613454232019,-0.4745451962498395,-0.4736736092984604,-0.4974960653257301,0,-0.5609748304808925,1,1,0,1,0,0,0,0,0,0,0,0,0,0,1,0,0,0,0,0,0,0,1,0,2
1,3,-0.719436147717457,0.4327933656785018,-0.4736736092984604,-0.4888542575852486,0,0.0591598766636176,0,1,0,1,0,0,0,0,0,0,0,0,0,0,1,0,0,0,0,0,0,1,0,0,2
0,2,0.2027619721380371,1.340131927606843,-0.4736736092984604,0.8314778546749452,0,0.6792945838081278,0,1,0,1,0,0,0,0,0,0,0,0,0,0,1,0,0,0,0,0,0,1,0,0,2
0,2,-0.335186931111001,-0.4745451962498395,-0.4736736092984604,-0.3866707201133388,0,-0.5609748304808925,1,1,0,1,0,0,0,0,0,0,0,0,0,0,1,0,0,0,0,0,0,1,0,0,2
0,3,-0.1046374011471275,-0.4745451962498395,-0.4736736092984604,-0.4918744606632361,0,-0.5609748304808925,1,1,0,1,0,0,0,0,0,0,0,0,0,0,1,0,0,0,0,0,0,1,0,0,2
0,3,1.0481102486722402,-0.4745451962498395,-0.4736736092984604,-0.4863374216869257,0,-0.5609748304808925,1,1,0,1,0,0,0,0,0,0,0,0,0,0,1,0,0,0,0,0,0,0,1,0,2
1,1,-0.1046374011471275,0.4327933656785018,-0.4736736092984604,0.3985820801634062,1,0.0591598766636176,0,0,0,1,0,0,0,0,0,0,0,0,0,0,0,1,0,0,0,0,0,1,0,0,1
1,2,0.8175607187083667,0.4327933656785018,0.7676298785983874,0.1368311467378245,0,0.6792945838081278,0,0,0,1,0,0,0,0,0,0,0,0,0,0,0,1,0,0,0,0,0,0,1,0,1
0,1,0.125912128816746,0.4327933656785018,-0.4736736092984604,0.3985820801634062,1,0.0591598766636176,0,1,0,1,0,0,0,0,0,0,0,0,0,0,1,0,0,0,0,0,0,1,0,0,2
0,2,3.123056018347102,-0.4745451962498395,-0.4736736092984604,-0.4370074380797968,0,-0.5609748304808925,1,1,0,1,0,0,0,0,0,0,0,0,0,0,1,0,0,0,0,0,0,0,0,1,2
1,2,0.125912128816746,-0.4745451962498395,-0.4736736092984604,-0.3866707201133388,0,-0.5609748304808925,1,1,0,1,0,0,0,0,0,0,0,0,0,0,1,0,0,0,0,0,0,1,0,0,2
0,2,-0.1046374011471275,-0.4745451962498395,-0.4736736092984604,-0.6484216535389205,0,-0.5609748304808925,1,1,0,1,0,0,0,0,0,0,0,0,0,0,1,0,0,0,0,0,0,1,0,0,2
0,3,-0.8731358343600393,-0.4745451962498395,-0.4736736092984604,-0.4918744606632361,0,-0.5609748304808925,1,1,0,1,0,0,0,0,0,0,0,0,0,0,1,0,0,0,0,0,1,0,0,0,2
0,3,-0.3736118527716466,-0.4745451962498395,-0.4736736092984604,-0.4863374216869257,0,-0.5609748304808925,1,1,0,1,0,0,0,0,0,0,0,0,0,0,1,0,0,0,0,0,0,1,0,0,2
1,3,-0.8731358343600393,-0.4745451962498395,-0.4736736092984604,-0.4502621026547245,0,-0.5609748304808925,1,0,0,1,0,0,0,0,0,0,0,1,0,0,0,0,0,0,0,0,1,0,0,0,1
0,3,1.0481102486722402,0.4327933656785018,6.974147318082627,0.2958951755118318,0,3.779968119530679,0,0,0,1,0,0,0,0,0,0,0,0,0,0,0,1,0,0,0,0,0,0,1,0,0
1,1,0.5101613454232019,-0.4745451962498395,0.7676298785983874,9.667166525013505,1,0.0591598766636176,0,1,0,0,0,0,0,0,0,0,0,0,0,0,1,0,0,0,0,0,0,0,1,0,1
0,3,-0.1046374011471275,-0.4745451962498395,-0.4736736092984604,-0.4845756365580996,0,-0.5609748304808925,1,0,1,0,0,0,0,0,0,0,0,1,0,0,0,0,0,0,0,0,0,1,0,0,1
1,1,-0.1814872444684187,-0.4745451962498395,-0.4736736092984604,0.8964967865378598,1,-0.5609748304808925,1,1,0,0,0,0,0,0,0,0,0,0,0,0,1,0,0,0,0,0,0,1,0,0,2
0,3,-0.719436147717457,-0.4745451962498395,-0.4736736092984604,-0.4626791642426904,0,-0.5609748304808925,1,1,0,1,0,0,0,0,0,0,0,0,0,0,1,0,0,0,0,0,0,1,0,0,2
0,3,-1.180535207645204,4.062147613391868,2.008933366495236,0.2958951755118318,0,3.779968119530679,0,1,0,1,0,0,0,0,0,0,0,0,0,0,1,0,0,0,0,0,1,0,0,0,0
0,2,2.3545575851341902,0.4327933656785018,0.7676298785983874,0.1368311467378245,0,0.6792945838081278,0,1,0,1,0,0,0,0,0,0,0,0,0,0,1,0,0,0,0,0,0,0,1,0,2
0,2,-0.335186931111001,0.4327933656785018,2.008933366495236,0.1887625319294599,0,1.299429290952638,0,1,0,0,0,0,0,0,0,0,0,0,0,0,1,0,0,0,0,0,0,1,0,0,2
0,3,-1.180535207645204,3.1548090514635256,0.7676298785983874,0.1506737441786005,0,2.5396987052416584,0,1,0,1,0,0,0,0,0,0,0,0,0,0,1,0,0,0,0,0,1,0,0,0,0
0,3,-0.7962859910387481,-0.4745451962498395,-0.4736736092984604,-0.44363577710162,0,-0.5609748304808925,1,1,0,1,0,0,0,0,0,0,0,0,0,0,1,0,0,0,0,0,0,1,0,0,2
0,3,-0.8731358343600393,-0.4745451962498395,-0.4736736092984604,-0.4914556591697551,0,-0.5609748304808925,1,1,0,1,0,0,0,0,0,0,0,0,0,0,1,0,0,0,0,0,1,0,0,0,2
1,1,-1.1036853643239128,-0.4745451962498395,0.7676298785983874,3.606792799755608,1,0.0591598766636176,0,0,0,1,0,0,0,0,0,0,0,1,0,0,0,0,0,0,0,0,1,0,0,0,1
1,1,0.125912128816746,0.4327933656785018,-0.4736736092984604,0.4992555160963222,1,0.0591598766636176,0,1,0,1,0,0,0,0,0,0,0,0,0,0,1,0,0,0,0,0,0,1,0,0,2
1,3,-1.949033640858116,-0.4745451962498395,0.7676298785983874,-0.3782805959626896,0,0.0591598766636176,0,0,0,0,0,0,0,0,0,0,0,1,0,0,0,0,0,0,0,0,0,0,0,0,1
1,3,-0.1046374011471275,-0.4745451962498395,-0.4736736092984604,0.489103606816847,0,-0.5609748304808925,1,1,0,1,0,0,0,0,0,0,0,0,0,0,1,0,0,0,0,0,0,1,0,0,2
0,3,-0.335186931111001,-0.4745451962498395,-0.4736736092984604,-0.5029485386158568,0,-0.5609748304808925,1,1,0,0,0,0,0,0,0,0,0,0,0,0,1,0,0,0,0,0,0,1,0,0,2
0,1,2.3545575851341902,-0.4745451962498395,-0.4736736092984604,-0.1138457087351363,0,-0.5609748304808925,1,1,0,1,1,0,0,0,0,0,0,0,0,0,0,0,0,0,0,0,0,0,1,0,2
0,2,1.7397588385638607,-0.4745451962498395,-0.4736736092984604,-0.3766033765200472,0,-0.5609748304808925,1,1,0,1,0,0,0,0,0,0,0,0,0,0,1,0,0,0,0,0,0,0,1,0,2
0,3,1.1249600919935314,-0.4745451962498395,-0.4736736092984604,-0.4863374216869257,0,-0.5609748304808925,1,1,0,1,0,0,0,0,0,0,0,0,0,0,1,0,0,0,0,0,0,0,1,0,2
1,3,-0.1046374011471275,-0.4745451962498395,-0.4736736092984604,-0.4927140771189165,0,-0.5609748304808925,1,0,1,0,0,0,0,0,0,0,0,1,0,0,0,0,0,0,0,0,0,1,0,0,1
0,1,1.5092093085999871,0.4327933656785018,0.7676298785983874,1.5841789061771412,1,0.6792945838081278,0,1,0,0,0,0,0,0,0,0,0,0,0,0,1,0,0,0,0,0,0,0,1,0,2
0,3,0.9712604053509488,-0.4745451962498395,-0.4736736092984604,-0.494391296561559,1,-0.5609748304808925,1,1,0,1,0,0,0,0,0,0,0,0,0,0,1,0,0,0,0,0,0,0,1,0,2
1,1,-0.8731358343600393,0.4327933656785018,-0.4736736092984604,3.9327230485884233,1,0.0591598766636176,0,0,0,0,0,0,0,0,0,0,0,0,0,0,0,1,0,0,0,0,1,0,0,0,1
1,1,0.4333115021019107,-0.4745451962498395,-0.4736736092984604,-0.1191310641216144,1,-0.5609748304808925,1,1,0,1,0,0,0,0,0,0,0,0,0,0,1,0,0,0,0,0,0,1,0,0,2
0,3,-0.8731358343600393,-0.4745451962498395,0.7676298785983874,-0.3573908580066095,0,0.0591598766636176,0,0,0,0,0,0,0,0,0,0,0,1,0,0,0,0,0,0,0,0,1,0,0,0,1
0,3,-0.335186931111001,-0.4745451962498395,-0.4736736092984604,-0.4925449457465493,0,-0.5609748304808925,1,1,1,0,0,0,0,0,0,0,0,0,0,0,1,0,0,0,0,0,0,1,0,0,2
0,3,-0.2583370877897099,0.4327933656785018,-0.4736736092984604,-0.4902797934380587,0,0.0591598766636176,0,1,0,1,0,0,0,0,0,0,0,0,0,0,1,0,0,0,0,0,0,1,0,0,2
0,2,0.7407108753870755,-0.4745451962498395,-0.4736736092984604,-0.1249197866877571,0,-0.5609748304808925,1,1,0,1,0,0,0,0,0,0,0,0,0,0,1,0,0,0,0,0,0,0,1,0,2
1,2,1.2018099353148226,-0.4745451962498395,-0.4736736092984604,-0.3766033765200472,0,-0.5609748304808925,1,0,0,1,0,0,0,0,0,0,0,0,0,0,0,1,0,0,0,0,0,0,1,0,1
1,1,0.9712604053509488,-0.4745451962498395,-0.4736736092984604,-0.1191310641216144,1,-0.5609748304808925,1,1,0,1,0,0,0,0,0,0,0,0,0,0,1,0,0,0,0,0,0,0,1,0,2
1,1,-0.5657364610748746,-0.4745451962498395,-0.4736736092984604,2.402990189587765,0,-0.5609748304808925,1,0,0,1,0,0,0,0,0,0,0,1,0,0,0,0,0,0,0,0,0,1,0,0,1
1,3,-0.1046374011471275,0.4327933656785018,0.7676298785983874,-0.3414522396297103,0,0.6792945838081278,0,1,0,0,0,0,0,0,0,0,1,0,0,0,0,0,0,0,0,0,0,1,0,0,0
1,1,-0.4120367744322922,-0.4745451962498395,-0.4736736092984604,0.3483299278831318,1,-0.5609748304808925,1,0,0,0,0,0,0,0,0,0,0,0,1,0,0,0,0,0,0,0,0,1,0,0,1
0,1,-0.1046374011471275,-0.4745451962498395,-0.4736736092984604,-0.1138457087351363,1,-0.5609748304808925,1,1,0,1,0,0,0,0,0,0,0,0,0,0,1,0,0,0,0,0,0,1,0,0,2
1,1,1.432359465278696,0.4327933656785018,-0.4736736092984604,0.3985820801634062,1,0.0591598766636176,0,1,0,1,0,0,0,0,0,0,0,0,0,0,1,0,0,0,0,0,0,0,1,0,2
0,3,-0.0277875578258363,-0.4745451962498395,-0.4736736092984604,-0.457478374542396,0,-0.5609748304808925,1,1,0,1,0,0,0,0,0,0,0,0,0,0,1,0,0,0,0,0,0,1,0,0,2
0,2,1.7397588385638607,-0.4745451962498395,-0.4736736092984604,-0.3866707201133388,0,-0.5609748304808925,1,1,0,1,0,0,0,0,0,0,0,0,0,0,1,0,0,0,0,0,0,0,1,0,2
0,3,-0.7962859910387481,-0.4745451962498395,-0.4736736092984604,-0.494391296561559,1,-0.5609748304808925,1,1,0,1,0,0,0,0,0,0,0,0,0,0,1,0,0,0,0,0,0,1,0,0,2
1,1,0.6638610320657843,-0.4745451962498395,-0.4736736092984604,3.9327230485884233,1,-0.5609748304808925,1,0,0,0,0,0,0,0,0,0,0,1,0,0,0,0,0,0,0,0,0,0,1,0,1
1,2,-0.1814872444684187,-0.4745451962498395,-0.4736736092984604,-0.4370074380797968,1,-0.5609748304808925,1,0,0,1,0,0,0,0,0,0,0,1,0,0,0,0,0,0,0,0,0,1,0,0,1
0,3,-0.1046374011471275,-0.4745451962498395,-0.4736736092984604,-0.3363340021468808,0,-0.5609748304808925,1,1,1,0,0,0,0,0,0,0,0,0,0,0,1,0,0,0,0,0,0,1,0,0,2
0,3,0.2796118154593283,-0.4745451962498395,-0.4736736092984604,-0.4918744606632361,0,-0.5609748304808925,1,1,0,1,0,0,0,0,0,0,0,0,0,0,1,0,0,0,0,0,0,1,0,0,2
1,2,-1.7953339542155335,-0.4745451962498395,0.7676298785983874,0.0160230236183252,0,0.0591598766636176,0,0,0,1,0,0,0,0,0,0,0,1,0,0,0,0,0,0,0,0,0,0,0,0,1
0,3,-0.9499856776813304,0.4327933656785018,-0.4736736092984604,-0.5063875431873253,0,0.0591598766636176,0,1,0,1,0,0,0,0,0,0,0,0,0,0,1,0,0,0,0,0,1,0,0,0,2
0,2,0.3564616587806195,-0.4745451962498395,-0.4736736092984604,-0.3866707201133388,0,-0.5609748304808925,1,1,0,1,0,0,0,0,0,0,0,0,0,0,1,0,0,0,0,0,0,1,0,0,2
0,2,1.5860591519212783,-0.4745451962498395,-0.4736736092984604,-0.3866707201133388,0,-0.5609748304808925,1,1,0,1,0,0,0,0,0,0,0,0,0,0,1,0,0,0,0,0,0,0,1,0,2
1,1,-0.1814872444684187,0.4327933656785018,-0.4736736092984604,0.4207302360686478,1,0.0591598766636176,0,1,0,1,0,0,0,0,0,0,0,0,0,0,1,0,0,0,0,0,0,1,0,0,2
0,3,-0.719436147717457,-0.4745451962498395,-0.4736736092984604,-0.4740049257851434,0,-0.5609748304808925,1,1,0,1,0,0,0,0,0,0,0,0,0,0,1,0,0,0,0,0,0,1,0,0,2
1,2,0.0490622854954548,2.247470489535184,-0.4736736092984604,-0.2255932226206731,0,1.299429290952638,0,0,0,1,0,0,0,0,0,0,0,0,0,0,0,1,0,0,0,0,0,1,0,0,1
1,3,-0.1046374011471275,-0.4745451962498395,-0.4736736092984604,-0.4926295114327329,0,-0.5609748304808925,1,0,1,0,0,0,0,0,0,0,0,1,0,0,0,0,0,0,0,0,0,1,0,0,1
0,2,-0.335186931111001,0.4327933656785018,-0.4736736092984604,-0.1249197866877571,0,0.0591598766636176,0,1,0,1,0,0,0,0,0,0,0,0,0,0,1,0,0,0,0,0,0,1,0,0,2
0,3,-0.335186931111001,0.4327933656785018,-0.4736736092984604,-0.4888542575852486,0,0.0591598766636176,0,0,0,1,0,0,0,0,0,0,0,1,0,0,0,0,0,0,0,0,0,1,0,0,1
1,1,-0.0277875578258363,-0.4745451962498395,-0.4736736092984604,3.606792799755608,1,-0.5609748304808925,1,0,0,1,0,0,0,0,0,0,0,1,0,0,0,0,0,0,0,0,0,1,0,0,1
0,3,-1.4110847376090776,-0.4745451962498395,-0.4736736092984604,-0.2701412180209885,0,-0.5609748304808925,1,1,0,0,0,0,0,0,0,0,0,0,0,0,1,0,0,0,0,0,0,0,0,0,2
0,2,-0.1046374011471275,-0.4745451962498395,-0.4736736092984604,-0.6484216535389205,0,-0.5609748304808925,1,1,0,1,0,0,0,0,0,0,0,0,0,0,1,0,0,0,0,0,0,1,0,0,2
0,2,-0.4888866177535834,-0.4745451962498395,-0.4736736092984604,-0.3866707201133388,0,-0.5609748304808925,1,1,0,1,0,0,0,0,0,0,0,0,0,0,1,0,0,0,0,0,0,1,0,0,2
0,2,-0.4888866177535834,-0.4745451962498395,-0.4736736092984604,-0.3866707201133388,0,-0.5609748304808925,1,1,0,1,0,0,0,0,0,0,0,0,0,0,1,0,0,0,0,0,0,1,0,0,2
0,3,-0.0662124794864819,-0.4745451962498395,-0.4736736092984604,-0.3242531898349308,0,-0.5609748304808925,1,1,0,1,0,0,0,0,0,0,0,0,0,0,1,0,0,0,0,0,0,1,0,0,2
0,3,1.432359465278696,0.4327933656785018,3.250236854392083,0.0437082184998772,0,1.919563998097148,0,0,0,1,0,0,0,0,0,0,0,0,0,0,0,1,0,0,0,0,0,0,1,0,1
1,1,0.4333115021019107,-0.4745451962498395,-0.4736736092984604,9.667166525013505,1,-0.5609748304808925,1,1,0,0,0,0,0,0,0,0,0,0,0,0,1,0,0,0,0,0,0,1,0,0,2
0,3,-0.1046374011471275,-0.4745451962498395,-0.4736736092984604,-0.4894421904510968,0,-0.5609748304808925,1,1,0,1,0,0,0,0,0,0,0,0,0,0,1,0,0,0,0,0,0,1,0,0,2
0,3,-0.1046374011471275,-0.4745451962498395,-0.4736736092984604,-0.4894421904510968,0,-0.5609748304808925,1,1,0,1,0,0,0,0,0,0,0,0,0,0,1,0,0,0,0,0,0,1,0,0,2
1,1,-0.1046374011471275,-0.4745451962498395,-0.4736736092984604,-0.0443810379414243,1,-0.5609748304808925,1,1,0,1,0,0,0,0,0,0,0,0,0,0,1,0,0,0,0,0,0,1,0,0,2
0,1,0.5101613454232019,0.4327933656785018,-0.4736736092984604,0.9391984311231651,1,0.0591598766636176,0,1,0,1,0,0,0,0,0,0,0,0,0,0,1,0,0,0,0,0,0,0,1,0,2
1,1,-0.6425863043961658,1.340131927606843,2.008933366495236,4.634416897040849,1,1.919563998097148,0,0,0,0,0,0,0,0,0,0,0,1,0,0,0,0,0,0,0,0,0,1,0,0,1
0,3,-0.4120367744322922,0.4327933656785018,-0.4736736092984604,-0.3242531898349308,0,0.0591598766636176,0,1,0,1,0,0,0,0,0,0,0,0,0,0,1,0,0,0,0,0,0,1,0,0,2
1,3,0.125912128816746,-0.4745451962498395,-0.4736736092984604,-0.4888542575852486,0,-0.5609748304808925,1,1,0,1,0,0,0,0,0,0,0,0,0,0,1,0,0,0,0,0,0,1,0,0,2
0,1,3.123056018347102,0.4327933656785018,0.7676298785983874,0.7811411367084872,1,0.6792945838081278,0,1,0,1,0,0,0,0,0,0,0,0,0,0,0,0,0,0,0,0,0,0,0,1,2
0,3,-1.0268355210026217,0.4327933656785018,0.7676298785983874,-0.2406942380106105,0,0.6792945838081278,0,1,0,1,0,0,0,0,0,0,0,0,0,0,1,0,0,0,0,0,1,0,0,0,2
1,2,0.0490622854954548,-0.4745451962498395,-0.4736736092984604,-0.3866707201133388,0,-0.5609748304808925,1,0,0,1,0,0,0,0,0,0,0,1,0,0,0,0,0,0,0,0,0,1,0,0,1
0,1,-0.7962859910387481,0.4327933656785018,-0.4736736092984604,0.4207302360686478,1,0.0591598766636176,0,1,0,1,0,0,0,0,0,0,0,0,0,0,1,0,0,0,0,0,0,1,0,0,2
0,3,0.125912128816746,-0.4745451962498395,-0.4736736092984604,-0.4923778278429006,0,-0.5609748304808925,1,1,1,0,0,0,0,0,0,0,0,0,0,0,1,0,0,0,0,0,0,1,0,0,2
1,2,-1.949033640858116,0.4327933656785018,0.7676298785983874,-0.1853238482475067,0,0.6792945838081278,0,0,0,1,0,0,0,0,0,0,0,1,0,0,0,0,0,0,0,0,0,0,0,0,1
1,3,-1.7953339542155335,-0.4745451962498395,0.7676298785983874,-0.397241430886295,1,0.0591598766636176,0,1,0,1,0,0,0,0,0,0,1,0,0,0,0,0,0,0,0,0,0,0,0,0,0
0,3,0.2796118154593283,-0.4745451962498395,-0.4736736092984604,-0.45714212526638,0,-0.5609748304808925,1,1,0,1,0,0,0,0,0,0,0,0,0,0,1,0,0,0,0,0,0,1,0,0,2
0,3,-0.4888866177535834,-0.4745451962498395,-0.4736736092984604,-0.4894421904510968,0,-0.5609748304808925,1,1,0,1,0,0,0,0,0,0,0,0,0,0,1,0,0,0,0,0,0,1,0,0,2
1,2,1.432359465278696,0.4327933656785018,2.008933366495236,0.6603330135889879,0,1.299429290952638,0,0,0,1,0,0,0,0,0,0,0,0,0,0,0,1,0,0,0,0,0,0,1,0,1
1,2,-2.204943619118015,0.4327933656785018,0.7676298785983874,-0.356468689333464,0,0.6792945838081278,0,1,0,1,0,0,0,0,0,0,1,0,0,0,0,0,0,0,0,0,0,0,0,0,0
0,3,-0.1046374011471275,-0.4745451962498395,-0.4736736092984604,-0.4914556591697551,0,-0.5609748304808925,1,1,0,1,0,0,0,0,0,0,0,0,0,0,1,0,0,0,0,0,0,1,0,0,2
0,2,-0.8731358343600393,-0.4745451962498395,-0.4736736092984604,-0.4168727508932136,0,-0.5609748304808925,1,1,0,1,0,0,0,0,0,0,0,0,0,0,1,0,0,0,0,0,1,0,0,0,2
0,3,0.3564616587806195,-0.4745451962498395,-0.4736736092984604,-0.4863374216869257,0,-0.5609748304808925,1,1,0,1,0,0,0,0,0,0,0,0,0,0,1,0,0,0,0,0,0,1,0,0,2
1,1,0.2796118154593283,-0.4745451962498395,-0.4736736092984604,1.093228788100527,1,-0.5609748304808925,1,0,0,1,0,0,0,0,0,0,0,0,0,0,0,0,0,0,0,1,0,1,0,0,1
0,3,-0.1046374011471275,-0.4745451962498395,-0.4736736092984604,-0.356468689333464,0,-0.5609748304808925,1,1,0,1,0,0,0,0,0,0,0,0,0,0,1,0,0,0,0,0,0,1,0,0,2
0,3,0.8944105620296577,-0.4745451962498395,-0.4736736092984604,-0.5049620073345151,0,-0.5609748304808925,1,1,0,1,0,0,0,0,0,0,0,0,0,0,1,0,0,0,0,0,0,0,1,0,2
1,3,-0.719436147717457,-0.4745451962498395,-0.4736736092984604,-0.5028639729296732,0,-0.5609748304808925,1,1,0,0,0,0,0,0,0,0,0,0,0,0,1,0,0,0,0,0,0,1,0,0,2
1,1,0.5101613454232019,0.4327933656785018,2.008933366495236,1.7677408088510642,1,1.299429290952638,0,0,0,1,0,0,0,0,0,0,0,0,0,0,0,1,0,0,0,0,0,0,1,0,1
0,3,-1.0268355210026217,-0.4745451962498395,-0.4736736092984604,-0.4918744606632361,0,-0.5609748304808925,1,1,0,1,0,0,0,0,0,0,0,0,0,0,1,0,0,0,0,0,1,0,0,0,2
1,1,1.6629089952425695,0.4327933656785018,-0.4736736092984604,0.921244330558889,1,0.0591598766636176,0,0,0,1,0,0,0,0,0,0,0,0,0,0,0,1,0,0,0,0,0,0,1,0,1
0,1,-0.1046374011471275,-0.4745451962498395,-0.4736736092984604,0.1489119590497745,0,-0.5609748304808925,1,1,0,0,0,0,1,0,0,0,0,0,0,0,0,0,0,0,0,0,0,1,0,0,2
0,3,0.0874872071561004,-0.4745451962498395,-0.4736736092984604,-0.4923778278429006,0,-0.5609748304808925,1,0,1,0,0,0,0,0,0,0,0,1,0,0,0,0,0,0,0,0,0,1,0,0,1
0,3,-0.1046374011471275,0.4327933656785018,-0.4736736092984604,-0.1621689579829361,0,0.0591598766636176,0,1,1,0,0,0,0,0,0,0,0,0,0,0,1,0,0,0,0,0,0,1,0,0,2
0,3,0.2027619721380371,-0.4745451962498395,-0.4736736092984604,-0.4800453319411184,0,-0.5609748304808925,1,1,0,1,0,0,0,0,0,0,0,0,0,0,1,0,0,0,0,0,0,1,0,0,2
0,3,-0.4120367744322922,-0.4745451962498395,-0.4736736092984604,-0.45714212526638,0,-0.5609748304808925,1,1,0,1,0,0,0,0,0,0,0,0,0,0,1,0,0,0,0,0,0,1,0,0,2
0,3,1.432359465278696,-0.4745451962498395,-0.4736736092984604,-0.4902797934380587,0,-0.5609748304808925,1,1,0,1,0,0,0,0,0,0,0,0,0,0,1,0,0,0,0,0,0,0,1,0,2
0,2,2.1240080551703167,-0.4745451962498395,-0.4736736092984604,-0.4370074380797968,1,-0.5609748304808925,1,0,0,1,0,0,0,0,0,0,0,0,0,0,0,1,0,0,0,0,0,0,1,0,1
0,3,-0.1046374011471275,-0.4745451962498395,-0.4736736092984604,-0.5029485386158568,0,-0.5609748304808925,1,1,0,0,0,0,0,0,0,0,0,0,0,0,1,0,0,0,0,0,0,1,0,0,2
1,2,1.893458525206443,0.4327933656785018,3.250236854392083,-0.1853238482475067,0,1.919563998097148,0,0,0,1,0,0,0,0,0,0,0,0,0,0,0,1,0,0,0,0,0,0,1,0,1
0,3,-0.8731358343600393,-0.4745451962498395,-0.4736736092984604,-0.4923778278429006,0,-0.5609748304808925,1,1,0,1,0,0,0,0,0,0,0,0,0,0,1,0,0,0,0,0,1,0,0,0,2
0,3,-0.1046374011471275,-0.4745451962498395,-0.4736736092984604,-0.4923778278429006,1,-0.5609748304808925,1,1,1,0,0,0,0,0,0,0,0,0,0,0,1,0,0,0,0,0,0,1,0,0,2
1,3,-1.8721837975368247,-0.4745451962498395,-0.4736736092984604,-0.397241430886295,0,-0.5609748304808925,1,0,0,1,0,0,0,0,0,0,0,1,0,0,0,0,0,0,0,0,0,0,0,0,1
0,3,-0.1046374011471275,-0.4745451962498395,-0.4736736092984604,-0.4926295114327329,0,-0.5609748304808925,1,1,1,0,0,0,0,0,0,0,0,0,0,0,1,0,0,0,0,0,0,1,0,0,2
1,1,1.0481102486722402,-0.4745451962498395,0.7676298785983874,3.606792799755608,1,0.0591598766636176,0,0,0,1,0,0,0,0,0,0,0,0,0,0,0,1,0,0,0,0,0,0,1,0,1
1,3,-1.2573850509664952,-0.4745451962498395,-0.4736736092984604,-0.5028639729296732,0,-0.5609748304808925,1,0,0,0,0,0,0,0,0,0,0,1,0,0,0,0,0,0,0,0,1,0,0,0,1
1,1,-0.9499856776813304,0.4327933656785018,-0.4736736092984604,0.4992555160963222,1,0.0591598766636176,0,0,0,1,0,0,0,0,0,0,0,0,0,0,0,1,0,0,0,0,1,0,0,0,1
0,1,-0.0277875578258363,-0.4745451962498395,-0.4736736092984604,-0.0443810379414243,1,-0.5609748304808925,1,1,0,1,0,0,0,0,0,0,0,0,0,0,1,0,0,0,0,0,0,1,0,0,2
0,3,-0.1046374011471275,0.4327933656785018,2.008933366495236,-0.1762632390135443,0,1.299429290952638,0,1,0,1,0,0,0,0,0,0,0,0,0,0,1,0,0,0,0,0,0,1,0,0,2
0,3,-0.335186931111001,-0.4745451962498395,-0.4736736092984604,-0.5064721088735089,0,-0.5609748304808925,1,1,0,1,0,0,0,0,0,0,0,0,0,0,1,0,0,0,0,0,0,1,0,0,2
0,3,-0.335186931111001,-0.4745451962498395,-0.4736736092984604,-0.5024451714361923,0,-0.5609748304808925,1,1,0,1,0,0,0,0,0,0,0,0,0,0,1,0,0,0,0,0,0,1,0,0,2
1,3,-0.8731358343600393,-0.4745451962498395,-0.4736736092984604,-0.4974960653257301,0,-0.5609748304808925,1,0,0,1,0,0,0,0,0,0,0,1,0,0,0,0,0,0,0,0,1,0,0,0,1
0,3,-1.6416342675729512,3.1548090514635256,0.7676298785983874,-0.0619988892296846,0,2.5396987052416584,0,1,1,0,0,0,0,0,0,0,1,0,0,0,0,0,0,0,0,0,0,0,0,0,0
1,3,-2.179583170821989,0.4327933656785018,2.008933366495236,-0.234150464674971,0,1.299429290952638,0,1,0,1,0,0,0,0,0,0,1,0,0,0,0,0,0,0,0,0,0,0,0,0,0
0,1,1.2786597786361138,-0.4745451962498395,-0.4736736092984604,0.9462455716384696,1,-0.5609748304808925,1,1,0,0,0,0,0,0,0,0,0,0,0,0,1,0,0,0,0,0,0,0,1,0,2
0,3,-0.1046374011471275,-0.4745451962498395,-0.4736736092984604,-0.4923778278429006,0,-0.5609748304808925,1,1,1,0,0,0,0,0,0,0,0,0,0,0,1,0,0,0,0,0,0,1,0,0,2
0,2,-1.0268355210026217,-0.4745451962498395,-0.4736736092984604,-0.1249197866877571,0,-0.5609748304808925,1,1,0,1,0,0,0,0,0,0,0,0,0,0,1,0,0,0,0,0,1,0,0,0,2
0,3,-0.1046374011471275,6.784163299176891,2.008933366495236,0.7519458402879414,0,5.64037224096421,0,0,0,1,0,0,0,0,0,0,0,1,0,0,0,0,0,0,0,0,0,1,0,0,0
0,1,-0.1046374011471275,-0.4745451962498395,-0.4736736092984604,-0.0303713225969997,0,-0.5609748304808925,1,1,0,0,0,0,0,0,0,0,0,0,0,0,1,0,0,0,0,0,0,1,0,0,2
0,3,-0.335186931111001,-0.4745451962498395,-0.4736736092984604,-0.4894421904510968,0,-0.5609748304808925,1,1,0,1,0,0,0,0,0,0,0,0,0,0,1,0,0,0,0,0,0,1,0,0,2
0,2,0.7407108753870755,-0.4745451962498395,-0.4736736092984604,-0.3866707201133388,0,-0.5609748304808925,1,1,0,1,0,0,0,0,0,0,0,0,0,0,1,0,0,0,0,0,0,0,1,0,2
1,1,1.5092093085999871,-0.4745451962498395,-0.4736736092984604,-0.1263453225405672,1,-0.5609748304808925,1,0,0,1,0,0,1,0,0,0,0,0,0,0,0,0,0,0,0,0,0,0,1,0,1
1,3,0.125912128816746,-0.4745451962498395,-0.4736736092984604,-0.4735861242916626,0,-0.5609748304808925,1,0,0,1,0,0,0,0,0,0,0,0,0,0,0,1,0,0,0,0,0,1,0,0,1
0,3,0.0490622854954548,-0.4745451962498395,-0.4736736092984604,-0.5028639729296732,0,-0.5609748304808925,1,1,0,0,0,0,0,0,0,0,0,0,0,0,1,0,0,0,0,0,0,1,0,0,2
0,3,0.0490622854954548,0.4327933656785018,0.7676298785983874,-0.1621689579829361,0,0.6792945838081278,0,0,0,1,0,0,0,0,0,0,0,0,0,0,0,1,0,0,0,0,0,1,0,0,1
0,2,0.3564616587806195,-0.4745451962498395,-0.4736736092984604,-0.3866707201133388,0,-0.5609748304808925,1,1,0,1,0,0,0,0,0,0,0,0,0,0,1,0,0,0,0,0,0,1,0,0,2
1,2,0.125912128816746,0.4327933656785018,0.7676298785983874,-0.1198861148911113,0,0.6792945838081278,0,0,0,1,0,0,0,0,0,0,0,0,0,0,0,1,0,0,0,0,0,1,0,0,1
1,1,-1.4110847376090776,0.4327933656785018,2.008933366495236,1.7677408088510642,1,1.299429290952638,0,1,0,1,0,0,0,0,0,0,1,0,0,0,0,0,0,0,0,0,0,0,0,0,0
1,3,-2.224156079948338,-0.4745451962498395,0.7676298785983874,-0.4769405631769473,0,0.0591598766636176,0,1,0,0,0,0,0,0,0,0,1,0,0,0,0,0,0,0,0,0,0,0,0,0,0
1,3,-0.1814872444684187,-0.4745451962498395,-0.4736736092984604,-0.5079822104125026,0,-0.5609748304808925,1,1,0,1,0,0,0,0,0,0,0,0,0,0,1,0,0,0,0,0,0,1,0,0,2
0,3,0.125912128816746,-0.4745451962498395,-0.4736736092984604,-0.4918744606632361,0,-0.5609748304808925,1,1,0,1,0,0,0,0,0,0,0,0,0,0,1,0,0,0,0,0,0,1,0,0,2
0,1,0.7407108753870755,-0.4745451962498395,-0.4736736092984604,-0.6484216535389205,1,-0.5609748304808925,1,1,0,1,0,0,0,0,0,0,0,0,0,0,1,0,0,0,0,0,0,0,1,0,2
0,3,-0.8731358343600393,-0.4745451962498395,-0.4736736092984604,-0.4918744606632361,0,-0.5609748304808925,1,0,0,1,0,0,0,0,0,0,0,1,0,0,0,0,0,0,0,0,1,0,0,0,1
0,2,0.7407108753870755,-0.4745451962498395,-0.4736736092984604,-0.3866707201133388,0,-0.5609748304808925,1,1,0,1,0,0,0,0,0,0,0,0,0,0,1,0,0,0,0,0,0,0,1,0,2
1,1,0.2796118154593283,0.4327933656785018,-0.4736736092984604,0.4207302360686478,1,0.0591598766636176,0,0,0,1,0,0,0,0,0,0,0,0,0,0,0,1,0,0,0,0,0,1,0,0,1
0,3,-0.2583370877897099,-0.4745451962498395,-0.4736736092984604,-0.4896093083547455,0,-0.5609748304808925,1,1,0,1,0,0,0,0,0,0,0,0,0,0,1,0,0,0,0,0,0,1,0,0,2
0,3,0.7407108753870755,-0.4745451962498395,-0.4736736092984604,-0.1621689579829361,0,-0.5609748304808925,1,1,0,1,0,0,0,0,0,0,0,0,0,0,1,0,0,0,0,0,0,0,1,0,2
0,2,0.4333115021019107,-0.4745451962498395,-0.4736736092984604,-0.4370074380797968,0,-0.5609748304808925,1,1,0,1,0,0,0,0,0,0,0,0,0,0,1,0,0,0,0,0,0,1,0,0,2
0,3,-1.7953339542155335,3.1548090514635256,2.008933366495236,-0.0187093117785307,0,3.1598334123861687,0,0,0,1,0,0,0,0,0,0,0,1,0,0,0,0,0,0,0,0,0,0,0,0,0
0,3,0.0874872071561004,-0.4745451962498395,-0.4736736092984604,-0.4863374216869257,0,-0.5609748304808925,1,1,0,1,0,0,0,0,0,0,0,0,0,0,1,0,0,0,0,0,0,1,0,0,2
0,1,-0.1046374011471275,-0.4745451962498395,-0.4736736092984604,-0.6484216535389205,1,-0.5609748304808925,1,1,0,1,0,0,0,0,0,0,0,0,0,0,1,0,0,0,0,0,0,1,0,0,2
0,3,-0.4888866177535834,-0.4745451962498395,-0.4736736092984604,-0.4888542575852486,0,-0.5609748304808925,1,0,0,1,0,0,0,0,0,0,0,1,0,0,0,0,0,0,0,0,0,1,0,0,1
0,2,0.125912128816746,0.4327933656785018,0.7676298785983874,0.0966463380508417,0,0.6792945838081278,0,1,0,0,0,0,0,0,0,0,0,0,0,0,1,0,0,0,0,0,0,1,0,0,2
0,3,1.0481102486722402,-0.4745451962498395,-0.4736736092984604,-0.5185529211854588,0,-0.5609748304808925,1,1,0,1,0,0,0,0,0,0,0,0,0,0,1,0,0,0,0,0,0,0,1,0,2
0,3,-1.4879345809303688,2.247470489535184,2.008933366495236,-0.086663881033249,0,2.5396987052416584,0,1,0,1,0,0,0,0,0,0,1,0,0,0,0,0,0,0,0,0,0,0,0,0,0
1,1,1.7397588385638607,0.4327933656785018,0.7676298785983874,1.2341715984066093,1,0.6792945838081278,0,0,0,1,0,0,0,0,0,0,0,0,0,0,0,1,0,0,0,0,0,0,1,0,1
1,3,-0.1814872444684187,-0.4745451962498395,-0.4736736092984604,-0.4740049257851434,0,-0.5609748304808925,1,1,0,1,0,0,0,0,0,0,0,0,0,0,1,0,0,0,0,0,0,1,0,0,2
0,1,0.6638610320657843,-0.4745451962498395,-0.4736736092984604,-0.6484216535389205,0,-0.5609748304808925,1,1,0,1,0,0,0,1,0,0,0,0,0,0,0,0,0,0,0,0,0,0,1,0,2
1,3,-0.1814872444684187,-0.4745451962498395,0.7676298785983874,-0.397241430886295,1,0.0591598766636176,0,0,0,1,0,0,0,0,0,0,0,0,0,0,0,1,0,0,0,0,0,1,0,0,1
0,3,-2.1027333275006983,3.1548090514635256,0.7676298785983874,0.1506737441786005,0,2.5396987052416584,0,1,0,1,0,0,0,0,0,0,1,0,0,0,0,0,0,0,0,0,0,0,0,0,0
0,3,-0.1046374011471275,-0.4745451962498395,-0.4736736092984604,-0.5084855775921673,0,-0.5609748304808925,1,1,1,0,0,0,0,0,0,0,0,0,0,0,1,0,0,0,0,0,0,1,0,0,2
0,3,-0.1046374011471275,-0.4745451962498395,-0.4736736092984604,0.489103606816847,0,-0.5609748304808925,1,1,0,1,0,0,0,0,0,0,0,0,0,0,1,0,0,0,0,0,0,1,0,0,2
1,2,-2.179583170821989,-0.4745451962498395,2.008933366495236,0.0966463380508417,0,0.6792945838081278,0,1,0,0,0,0,0,0,0,0,1,0,0,0,0,0,0,0,0,0,0,0,0,0,0
1,3,-0.1046374011471275,-0.4745451962498395,-0.4736736092984604,-0.4923778278429006,0,-0.5609748304808925,1,1,1,0,0,0,0,0,0,0,0,0,0,0,1,0,0,0,0,0,0,1,0,0,2
1,1,2.5082572717767726,-0.4745451962498395,-0.4736736092984604,0.962353321387736,1,-0.5609748304808925,1,0,0,1,0,0,0,0,0,0,0,0,0,0,0,1,0,0,0,0,0,0,0,1,1
1,3,-1.1036853643239128,0.4327933656785018,-0.4736736092984604,-0.3573908580066095,0,0.0591598766636176,0,0,0,0,0,0,0,0,0,0,0,0,0,0,0,1,0,0,0,0,1,0,0,0,1
1,2,-2.192647644186609,0.4327933656785018,0.7676298785983874,-0.2708962687904854,0,0.6792945838081278,0,1,0,1,0,0,0,0,0,0,1,0,0,0,0,0,0,0,0,0,0,0,0,0,0
0,3,-0.1046374011471275,-0.4745451962498395,-0.4736736092984604,-0.5028639729296732,0,-0.5609748304808925,1,1,0,0,0,0,0,0,0,0,0,0,0,0,1,0,0,0,0,0,0,1,0,0,2
0,3,-0.4888866177535834,-0.4745451962498395,-0.4736736092984604,-0.4902797934380587,0,-0.5609748304808925,1,1,0,1,0,0,0,0,0,0,0,0,0,0,1,0,0,0,0,0,0,1,0,0,2
0,3,-0.8731358343600393,-0.4745451962498395,-0.4736736092984604,-0.4813037498902798,0,-0.5609748304808925,1,1,0,1,0,0,0,0,0,0,0,0,0,0,1,0,0,0,0,0,1,0,0,0,2
1,1,0.7407108753870755,0.4327933656785018,0.7676298785983874,1.0259447039291216,1,0.6792945838081278,0,0,0,0,0,0,0,0,0,0,0,1,0,0,0,0,0,0,0,0,0,0,1,0,1
0,3,-0.6425863043961658,-0.4745451962498395,-0.4736736092984604,-0.4740049257851434,0,-0.5609748304808925,1,1,0,1,0,0,0,0,0,0,0,0,0,0,1,0,0,0,0,0,0,1,0,0,2
0,3,-0.1046374011471275,-0.4745451962498395,-0.4736736092984604,-0.4863374216869257,0,-0.5609748304808925,1,1,0,1,0,0,0,0,0,0,0,0,0,0,1,0,0,0,0,0,0,1,0,0,2
1,3,0.2027619721380371,-0.4745451962498395,-0.4736736092984604,0.489103606816847,0,-0.5609748304808925,1,1,0,1,0,0,0,0,0,0,0,0,0,0,1,0,0,0,0,0,0,1,0,0,2
1,1,-0.1046374011471275,-0.4745451962498395,-0.4736736092984604,-0.0504214440973992,1,-0.5609748304808925,1,1,0,0,0,0,0,0,0,0,0,0,0,0,1,0,0,0,0,0,0,1,0,0,2
0,3,-0.719436147717457,-0.4745451962498395,-0.4736736092984604,-0.4888542575852486,0,-0.5609748304808925,1,1,0,1,0,0,0,0,0,0,0,0,0,0,1,0,0,0,0,0,0,1,0,0,2
0,2,-1.0268355210026217,-0.4745451962498395,-0.4736736092984604,-0.4370074380797968,0,-0.5609748304808925,1,1,0,1,0,0,0,0,0,0,0,0,0,0,1,0,0,0,0,0,1,0,0,0,2
1,1,0.0490622854954548,-0.4745451962498395,-0.4736736092984604,-0.0242463507548411,0,-0.5609748304808925,1,0,0,0,0,0,0,0,0,0,0,1,0,0,0,0,0,0,0,0,0,1,0,0,1
0,3,0.3948865804412651,-0.4745451962498395,-0.4736736092984604,-0.5188046047752911,0,-0.5609748304808925,1,1,0,0,0,0,0,0,0,0,0,0,0,0,1,0,0,0,0,0,0,1,0,0,2
0,3,-0.9499856776813304,-0.4745451962498395,-0.4736736092984604,-0.4740049257851434,0,-0.5609748304808925,1,1,0,1,0,0,0,0,0,0,0,0,0,0,1,0,0,0,0,0,1,0,0,0,2
0,3,0.9712604053509488,-0.4745451962498395,-0.4736736092984604,-0.4964047652802172,0,-0.5609748304808925,1,1,0,1,0,0,0,0,0,0,0,0,0,0,1,0,0,0,0,0,0,0,1,0,2
0,3,-0.1046374011471275,6.784163299176891,2.008933366495236,0.7519458402879414,0,5.64037224096421,0,1,0,1,0,0,0,0,0,0,0,0,0,0,1,0,0,0,0,0,0,1,0,0,0
0,3,0.4333115021019107,-0.4745451962498395,-0.4736736092984604,-0.4894421904510968,0,-0.5609748304808925,1,1,0,0,0,0,0,0,0,0,0,0,0,0,1,0,0,0,0,0,0,1,0,0,2
0,2,-0.1046374011471275,-0.4745451962498395,0.7676298785983874,0.0160230236183252,0,0.0591598766636176,0,1,0,1,0,0,0,0,0,0,0,0,0,0,0,0,0,1,0,0,0,1,0,0,2
1,1,-0.1046374011471275,0.4327933656785018,-0.4736736092984604,1.145663540471827,1,0.0591598766636176,0,0,0,0,0,0,0,0,0,0,0,0,0,0,0,1,0,0,0,0,0,1,0,0,1
0,3,-1.949033640858116,3.1548090514635256,2.008933366495236,-0.0187093117785307,0,3.1598334123861687,0,1,0,1,0,0,0,0,0,0,1,0,0,0,0,0,0,0,0,0,0,0,0,0,0
0,3,3.430455391632267,-0.4745451962498395,-0.4736736092984604,-0.4918744606632361,0,-0.5609748304808925,1,1,0,1,0,0,0,0,0,0,0,0,0,0,1,0,0,0,0,0,0,0,0,1,2
0,3,-1.56478442425166,0.4327933656785018,0.7676298785983874,-0.3414522396297103,0,0.6792945838081278,0,0,0,0,0,0,0,0,0,0,0,1,0,0,0,0,0,0,0,0,0,0,0,0,1
1,1,-1.0268355210026217,-0.4745451962498395,0.7676298785983874,0.1448850216124577,1,0.0591598766636176,0,0,0,1,0,0,0,0,0,0,0,1,0,0,0,0,0,0,0,0,1,0,0,0,1
0,2,1.1249600919935314,0.4327933656785018,-0.4736736092984604,-0.1249197866877571,0,0.0591598766636176,0,0,0,1,0,0,0,0,0,0,0,0,0,0,0,1,0,0,0,0,0,0,1,0,1
1,3,-0.8731358343600393,-0.4745451962498395,0.7676298785983874,-0.4601623283443675,0,0.0591598766636176,0,0,0,1,0,0,0,0,0,0,0,0,0,0,0,1,0,0,0,0,1,0,0,0,1
1,1,1.2018099353148226,0.4327933656785018,0.7676298785983874,2.671117778445337,0,0.6792945838081278,0,0,0,1,0,0,0,0,0,0,0,0,0,0,0,1,0,0,0,0,0,0,1,0,1
1,1,1.6629089952425695,-0.4745451962498395,-0.4736736092984604,-0.1138457087351363,1,-0.5609748304808925,1,1,0,1,0,0,0,0,0,0,0,0,0,0,1,0,0,0,0,0,0,0,1,0,2
1,3,-0.4120367744322922,-0.4745451962498395,3.250236854392083,-0.2606618072935451,0,1.299429290952638,0,0,0,0,0,0,0,0,0,0,0,0,0,0,0,1,0,0,0,0,0,1,0,0,1
0,3,-0.1046374011471275,-0.4745451962498395,-0.4736736092984604,-0.5028639729296732,0,-0.5609748304808925,1,1,0,0,0,0,0,0,0,0,0,0,0,0,1,0,0,0,0,0,0,1,0,0,2
0,3,0.8944105620296577,1.340131927606843,-0.4736736092984604,-0.3643554463044486,0,0.6792945838081278,0,1,0,1,0,0,0,0,0,0,0,0,0,0,1,0,0,0,0,0,0,0,1,0,2
0,2,-0.6425863043961658,0.4327933656785018,-0.4736736092984604,-0.4168727508932136,0,0.0591598766636176,0,1,0,1,0,0,0,0,0,0,0,0,0,0,1,0,0,0,0,0,0,1,0,0,2
1,1,1.432359465278696,-0.4745451962498395,-0.4736736092984604,-0.1263453225405672,1,-0.5609748304808925,1,0,0,1,0,0,0,0,0,0,0,0,0,0,0,1,0,0,0,0,0,0,1,0,1
0,3,-0.1046374011471275,6.784163299176891,2.008933366495236,0.7519458402879414,0,5.64037224096421,0,0,0,1,0,0,0,0,0,0,0,1,0,0,0,0,0,0,0,0,0,1,0,0,0
0,2,-0.4120367744322922,-0.4745451962498395,-0.4736736092984604,-0.3866707201133388,0,-0.5609748304808925,1,1,0,1,0,0,0,0,0,0,0,0,0,0,1,0,0,0,0,0,0,1,0,0,2
1,2,0.9712604053509488,-0.4745451962498395,-0.4736736092984604,-0.3866707201133388,0,-0.5609748304808925,1,0,0,1,0,0,0,0,0,0,0,0,0,0,0,1,0,0,0,0,0,0,1,0,1
1,2,-0.1814872444684187,0.4327933656785018,-0.4736736092984604,-0.3693891181010945,0,0.0591598766636176,0,0,0,0,0,0,0,0,0,0,0,1,0,0,0,0,0,0,0,0,0,1,0,0,1
0,1,0.125912128816746,-0.4745451962498395,-0.4736736092984604,0.3682954836973478,1,-0.5609748304808925,1,1,0,1,0,0,0,0,0,0,0,0,0,0,1,0,0,0,0,0,0,1,0,0,2
0,3,-0.1046374011471275,-0.4745451962498395,-0.4736736092984604,-0.45714212526638,0,-0.5609748304808925,1,1,0,1,0,0,0,0,0,0,0,0,0,0,1,0,0,0,0,0,0,1,0,0,2
1,3,-1.949033640858116,0.4327933656785018,0.7676298785983874,-0.4242561406845337,0,0.6792945838081278,0,1,0,1,0,0,0,0,0,0,1,0,0,0,0,0,0,0,0,0,0,0,0,0,0
0,3,-0.2583370877897099,-0.4745451962498395,-0.4736736092984604,-0.4894421904510968,0,-0.5609748304808925,1,1,0,1,0,0,0,0,0,0,0,0,0,0,1,0,0,0,0,0,0,1,0,0,2
1,1,1.3555096219574048,0.4327933656785018,0.7676298785983874,0.4097407238022106,1,0.6792945838081278,0,0,0,1,0,0,0,0,0,0,0,0,0,0,0,1,0,0,0,0,0,0,1,0,1
0,1,0.2796118154593283,-0.4745451962498395,-0.4736736092984604,-0.5477482176060045,1,-0.5609748304808925,1,1,0,1,0,0,0,0,0,0,0,0,0,0,1,0,0,0,0,0,0,1,0,0,2
0,3,1.3555096219574048,-0.4745451962498395,-0.4736736092984604,-0.4672094688596716,0,-0.5609748304808925,1,1,0,1,0,0,0,0,0,0,0,0,0,0,1,0,0,0,0,0,0,0,1,0,2
1,2,-0.1046374011471275,0.4327933656785018,-0.4736736092984604,-0.1651891610609235,0,0.0591598766636176,0,0,0,0,0,0,0,0,0,0,0,0,0,0,0,1,0,0,0,0,0,1,0,0,1
1,3,-1.1036853643239128,-0.4745451962498395,-0.4736736092984604,-0.5029485386158568,0,-0.5609748304808925,1,0,0,0,0,0,0,0,0,0,0,1,0,0,0,0,0,0,0,0,1,0,0,0,1
0,3,-0.719436147717457,-0.4745451962498395,-0.4736736092984604,-0.4501795504372595,0,-0.5609748304808925,1,1,0,1,0,0,0,0,0,0,0,0,0,0,1,0,0,0,0,0,0,1,0,0,2
0,3,-0.7962859910387481,-0.4745451962498395,-0.4736736092984604,-0.4894421904510968,0,-0.5609748304808925,1,1,0,1,0,0,0,0,0,0,0,0,0,0,1,0,0,0,0,0,0,1,0,0,2
0,3,-0.1046374011471275,-0.4745451962498395,-0.4736736092984604,-0.4894421904510968,0,-0.5609748304808925,1,1,0,1,0,0,0,0,0,0,0,0,0,0,1,0,0,0,0,0,0,1,0,0,2
1,1,2.047158211849025,-0.4745451962498395,0.7676298785983874,1.0259447039291216,1,0.0591598766636176,0,0,0,0,0,0,0,0,0,0,0,0,0,0,0,1,0,0,0,0,0,0,1,0,1
1,2,-0.335186931111001,-0.4745451962498395,0.7676298785983874,-0.1249197866877571,0,0.0591598766636176,0,0,0,1,0,0,0,0,0,0,0,0,0,0,0,1,0,0,0,0,0,1,0,0,1
0,3,0.2796118154593283,-0.4745451962498395,-0.4736736092984604,-0.4894421904510968,0,-0.5609748304808925,1,1,0,1,0,0,0,0,0,0,0,0,0,0,1,0,0,0,0,0,0,1,0,0,2
0,3,-0.5657364610748746,-0.4745451962498395,-0.4736736092984604,-0.4366711888037809,0,-0.5609748304808925,1,0,0,1,0,0,0,0,0,0,0,1,0,0,0,0,0,0,0,0,0,1,0,0,1
0,2,-0.1046374011471275,-0.4745451962498395,-0.4736736092984604,-0.4370074380797968,0,-0.5609748304808925,1,1,0,1,0,0,0,0,0,0,0,0,0,0,1,0,0,0,0,0,0,1,0,0,2
0,3,-0.335186931111001,-0.4745451962498395,-0.4736736092984604,-0.5064721088735089,0,-0.5609748304808925,1,1,0,1,0,0,0,0,0,0,0,0,0,0,1,0,0,0,0,0,0,1,0,0,2
0,3,0.7407108753870755,-0.4745451962498395,5.73284383018578,-0.0619988892296846,0,2.5396987052416584,0,0,1,0,0,0,0,0,0,0,0,0,0,0,0,1,0,0,0,0,0,0,1,0,0
0,2,-0.1814872444684187,-0.4745451962498395,-0.4736736092984604,-0.3866707201133388,0,-0.5609748304808925,1,1,0,1,0,0,0,0,0,0,0,0,0,0,0,0,0,1,0,0,0,1,0,0,2
1,1,-0.7962859910387481,-0.4745451962498395,-0.4736736092984604,-0.0443810379414243,1,-0.5609748304808925,1,0,0,1,0,0,0,0,0,0,0,1,0,0,0,0,0,0,0,0,0,1,0,0,1
0,3,-0.1046374011471275,0.4327933656785018,2.008933366495236,-0.1762632390135443,0,1.299429290952638,0,0,0,1,0,0,0,0,0,0,0,1,0,0,0,0,0,0,0,0,0,1,0,0,1
1,1,-0.2583370877897099,-0.4745451962498395,-0.4736736092984604,-0.0443810379414243,1,-0.5609748304808925,1,1,0,0,0,0,0,0,0,0,0,0,0,0,1,0,0,0,0,0,0,1,0,0,2
0,3,0.2027619721380371,-0.4745451962498395,-0.4736736092984604,-0.4923778278429006,0,-0.5609748304808925,1,1,1,0,0,0,0,0,0,0,0,0,0,0,1,0,0,0,0,0,0,1,0,0,2
